:020000040800F2
:10000000B0070020ED010008CF240008C724000835
:10001000CB240008A11300087D2700080000000081
:10002000000000000000000000000000FD240008A7
:10003000A513000800000000D1240008FF240008D8
:10004000070200080702000807020008070200086C
:10005000070200080702000807020008070200085C
:10006000070200080702000807020008070200084C
:10007000070200080702000807020008070200083C
:10008000070200080702000807020008070200082C
:10009000070200080702000807020008070200081C
:1000A000070200080702000807020008070200080C
:1000B00007020008070200080702000807020008FC
:1000C00007020008070200080702000807020008EC
:1000D0000702000859270008070200080702000865
:1000E00007020008070200080702000807020008CC
:1000F00007020008070200080702000807020008BC
:1001000007020008070200080702000807020008AB
:10011000070200080702000807020008070200089B
:10012000070200080702000807020008070200088B
:1001300000F002F800F04AF80AA090E8000C8244AF
:100140008344AAF10107DA4501D100F03FF8AFF28C
:10015000090EBAE80F0013F0010F18BFFB1A43F0A5
:1001600001031847BCC20000DCC20000103A24BFE3
:1001700078C878C1FAD8520724BF30C830C144BF0C
:1001800004680C607047000000230024002500264E
:10019000103A28BF78C1FBD8520728BF30C148BFEA
:1001A0000B607047662909F00E81782900F0748091
:1001B000002070471FB500F0A1FB040000200021C3
:1001C00008F004FDE0601FBD10B510BD00F0B2FCEA
:1001D0001146FFF7EFFF08F01EFC00F0D0FC03B45F
:1001E000FFF7F2FF03BC02F002FB00000948804762
:1001F00009480047FEE7FEE7FEE7FEE7FEE7FEE709
:10020000FEE7FEE7FEE7FEE704480549054A064B20
:10021000704700000725000831010008B0010020E8
:10022000B0070020B0030020B0030020704700009A
:100230000FB4044910B503AA029800F04DFB10BC9E
:100240005DF814FB0800002070B50446856900685D
:10025000C10601D5302600E02026C00707D070BDBA
:10026000D4E9012130469047206A401C20626D1E6F
:10027000F6D570BD70B5044685690078C00707D112
:1002800070BDD4E9012120209047206A401C2062E3
:100290006D1EF6D570BD000070B504460D462146B2
:1002A0001068AFF300802188090502D50F4A7A440F
:1002B00002E00E4A7A440E32002104F1240305E0E4
:1002C00000F00F060009965D5E54491C0028F7D126
:1002D00020780023000704D5702D02D009B1022335
:1002E00011322046BDE8704000F08DB8B0C000006B
:1002F0002DE9F0474FF0000A89460446C0F820A0D7
:100300002046E1688847002876D0252806D0D4E921
:1003100001219047206A401C2062F1E7E1682046F5
:1003200000258847C4F81CA006460027C4F818A07A
:100330002A2E09D0304602F053FA38B304EB87086E
:10034000303EC8F8186019E059F8041B204604EB49
:1003500087029161E1688847012F064618D1E0695C
:10036000002820DA25F020051DE0D8F8180000EB61
:10037000800006EB40003038C8F818002046E168DD
:100380008847064602F02CFA0028EED1012F0AD049
:100390002E2E08D12046E16888477F1C0646022F92
:1003A00045F02005C4DBA069002803DA404245F08F
:1003B0000105A061E80701D025F01005B6B1A6F14E
:1003C0004100192802D8203645F400654A463146D6
:1003D000204625604D46FFF7E5FE58B1012806D0BE
:1003E000ED1D25F0070000F1080989E704E005F19B
:1003F000040985E730468AE7206ABDE8F087704740
:100400007047704770472DE9F0470D469946924670
:10041000044600F124080168880604D5E06921F04B
:100420001001216000E00120A84201DD471B00E02F
:100430000027A1697A1902EB0900081AA061207847
:10044000C00602D42046FFF7FFFE002608E0D4E9EC
:1004500001211AF806009047206A401C761C206291
:100460004E45F4DB2078C0060AD52046FFF7ECFEA7
:1004700006E0D4E9012130209047206A401C206228
:10048000381EA7F10107F4DC07E0D4E9012118F8D0
:1004900005009047206A401C2062281EA5F1010536
:1004A000F3DC2046FFF7E6FE2078000602D50220A6
:1004B000BDE8F0870120FBE770472DE9FF4F0C46B0
:1004C0001E464FF0FF378BB0D2E90001DDF86080A7
:1004D0000A908A46C1F30A5505B93D4600210846EF
:1004E0004FF00000BAF1000F00F4400005DA00EB15
:1004F00080004FF4400101EA50004FEA9059B9F1F1
:10050000010F00DDB9460A9850EA4A000ED044F6C1
:100510001050A5F2FF3545432F14B8F1000F1ED03F
:100520007542291E1EDDC9F100021CE0B8F1010F61
:100530004FF0000001D0302103E0F24305E02154E8
:10054000401CB042FBDB30460022002121540B99B5
:10055000C1F80880C1E900200FB0BDE8F08FBD1BD5
:100560006D1CDEE74A4600DA694206A800F068FA28
:1005700006AB93E8070003AB83E8070050460A99EF
:1005800000F046FB8DE80700A0F500501F380090F2
:100590000398002D0ADD42F21F014A460844002359
:1005A00003A90390684600F0AFFD09E0A0F50050F4
:1005B0004A461F38002303A90390684600F0B9FD9E
:1005C0008DE807000004000C03D04FF0FF30410815
:1005D00000E01046B8F1000F03D00022009215464B
:1005E0001EE0751E05D400F08DF9303262556D1E87
:1005F000F9D5B3460122084302D000227F1C04E053
:100600002078302801D100227F1E002A099784D04B
:100610001DE0112D07DA00F075F9303262556D1CBE
:1006200050EA0102F5D1084302D00098C8B10EE0AB
:100630000021681E05E0235C625C63542254401E66
:10064000491C8142F7DBAB46A81B401E09900020E5
:1006500004F80B000B98099AC0F80880C0E9002B39
:100660007AE711264FF0000857E72DE9F04F88464A
:100670000446D21D22F0070191B0D1E90001CDE975
:100680000A0102F07DF802460B98C00F01D02D2020
:1006900007E02068810701D52B2002E0202101EA34
:1006A000C000032A099001D0072A05DB0346414612
:1006B000204600F085F90BE12078800601D5E0693D
:1006C00000E00620B8F1650F814606D0B8F1660F4C
:1006D00018D0B8F1670F70D131E00020B9F1110FD7
:1006E000009001DB112301E009F101030AAA01A92D
:1006F0000CA8FFF7E2FEDDE90C70002609F1010508
:10070000834647E001204B4600904FF000470AAA7D
:1007100001A90CA8FFF7D1FEDDE90DB00C995D46EB
:10072000002610B909F101000D18B9EB050003D43A
:10073000C0F1FF3609F10105A5EB09002BE0B9F185
:10074000010F01DA4FF001090020B9F1110F0090FB
:10075000484601DD112300E003460AAA01A90CA8BE
:10076000FFF7ABFEDDE90C704D460026834620788E
:1007700000070AD4AB4500DA5D4601A8012D04DD6F
:10078000411911F8011C302907D04F4502DA17F141
:10079000040F04DA012082460FE06D1EEEE7002F01
:1007A00002DCED1B3E4403E0781CA84200DD7D1C0A
:1007B000B81B00F1010A4FF000472078000703D46E
:1007C000AA4501DB4FF0FF3A0021B7F1004F0DF1D0
:1007D00043088DF8431024D002202B23002F01DA88
:1007E0007F422D230A21021EA0F1010000DC5FB12F
:1007F00097FBF1FC97FBF1F201FB1C7C17460CF117
:10080000300C08F801CDEEE7A8F101000370218853
:10081000090501D5452100E06521A0F1010800F896
:10082000011C09980FA9A1EB0807FF1D00B10120C9
:10083000411901EBEA70A1693844081A401EA06111
:100840002078C00602D42046FFF7FEFC099828B1A4
:10085000D4E901219047206A401C20622078C0061C
:1008600022D52046FFF7F0FC1EE0002E04DBB34546
:1008700002DD01A8805D00E03020D4E9012190472D
:10088000206A401C2062761CAAF101005FEA000A7F
:100890000AD100F033F8C0680168405CD4E9012156
:1008A0009047206A401C2062281EA5F10105DCDC6F
:1008B00007E0D4E9012118F8010B9047206A401C99
:1008C0002062381EA7F10107F3DC2046FFF7D2FCB7
:1008D000032011B041E60000074B70B50D467B4484
:1008E00000F05BF80446284600F01CF910B14FF008
:1008F000FF3070BD204670BD6B2700000048704778
:100900007001002030B5B0F10A024FEA900E71F18B
:1009100000034EEA817EB0EB0E0061EB91014FEADD
:10092000101E4EEA017E10EB0E0041EB11114FEA52
:10093000102E4EEA016E10EB0E0041EB11214FEA32
:10094000104E4EEA014E10EB0E0041EB11414018E3
:1009500041F100014FEAD00040EA41704FEAD10175
:1009600010EB80054FEA810444EA907444EB0104E3
:100970006D1944EB0404521BA3414FF0000348BF20
:100980000A3200D530BD401C41F1000130BD0000ED
:1009900001694A1C02610878704700B58FB0CDE943
:1009A00001310021059105497944CDE90310114633
:1009B0006846FFF79DFC0FB000BD0000E5FFFFFF9C
:1009C0002DE9F0411F46044603260168072A01F479
:1009D000006004DB08B116A505E016A503E008B128
:1009E00015A500E015A521F010002060A069C01E2B
:1009F000A0610FB1401EA0612046FFF725FC4FB15A
:100A0000D4E9012138469047206A401C2062C01C6E
:100A1000206206E0206AFAE7D4E9012115F8010B0B
:100A20009047761EF8D22046FFF724FCBDE8F081FF
:100A30004E414E006E616E00494E4600696E660082
:100A40002DE9F047814616468AB0354878440DC8EE
:100A50008DE80D0032487844801C03AC0DC884E852
:100A60000D0041F69B300844372190FBF1F290FBDA
:100A7000F1F5A5F1800501FB12041B3C02D564428F
:100A8000012000E00020DFF898A080460027FA440B
:100A9000AAF1BE0A0EE0E0070AD03246684607EB2C
:100AA000470101230AEB810100F043FB8DE80700B9
:100AB00064107F1C002CEED1194F7F44AE3F19E02B
:100AC000E80715D007EB04100DF1180A90E80E00A6
:100AD0008AE80E00C068F04201D1981908903246A9
:100AE000012306A903A800F024FB03AB83E8070059
:100AF0006D10641C002DE3D14FF0010332466946AE
:100B0000B8F1000F03A802D000F0FEFA01E000F0F7
:100B100010FBC9E90001C9F808200AB0BDE8F08758
:100B2000B8B90000007B00F08000704700487047B3
:100B3000500100207546FFF7F9FFAE4605006946F3
:100B4000534620F00700854618B020B5FFF75CFB40
:100B5000BDE820404FF000064FF000074FF00008BE
:100B60004FF0000B21F00701AC46ACE8C009ACE83F
:100B7000C009ACE8C009ACE8C0098D46704710B5A3
:100B80000446AFF300802046BDE81040FFF727BBC6
:100B90004FF0013C50F8042B51F8043B9A4221D10C
:100BA000A2EB0C03934313EACC1317D150F8042B98
:100BB00051F8043B9A4215D1A2EB0C03934313EA7C
:100BC000CC130BD150F8042B51F8043B9A4209D1B5
:100BD000A2EB0C03934313EACC13DBD04FF00000DD
:100BE000704700BFD01A01BAB1FA81F101F01801C3
:100BF00022FA01F0CB40C1F12001DBB2C0B2C01A31
:100C00002CFA01F3D11A914311EAC311E6D17047CE
:100C10005FEA400C08BF91F0000F4FEA8C234FEAC7
:100C2000C12243EA51514FEA1C5018BF00F5F04071
:100C30004FEA300018BF41F000415FEA6C5C00F001
:100C40002980BCF1FF3F08BF40F080407047130C83
:100C500006BF12044FF0100C4FF0000C130E04BF2F
:100C600012020CF1080C130F04BF12010CF1040C5A
:100C7000930F04BF92000CF1020CD30F04BF52007B
:100C80000CF1010C11464FF00002A0F11F00A0EB87
:100C90000C00704711F0004F08BF704731F0004161
:100CA0003FF4D5AF0B0C06BF09044FF0100C4FF00A
:100CB000000C0B0E04BF09020CF1080C0B0F04BF53
:100CC00009010CF1040C8B0F04BF89000CF1020C1C
:100CD000CB0F04BF49000CF1010CCCF12003A0EBB9
:100CE0000C0022FA03F302FA0CF241EA030100F1CC
:100CF0000100704720F07F4C80EA030023F07F471B
:100D0000ACEB070303F57C5300F0004003F1FF0355
:100D10002DE980494FEA154B09B44FEA144325EAFF
:100D20000B4E24EA03480FF2042606EB132749086A
:100D30003E785FEA320203FB0667C7F5000707FB50
:100D400006F64FEA54374FEAD64606F1020607FB8D
:100D5000066CCCF1005C4FEA1C472CEA074C07FB01
:100D600006F40CFB06F504EB15464FEA961634BF65
:100D700000204FF000404FEAD13706FB07FC4FEA56
:100D80001C4C0CFB0BF7D21B03FB0CF761EB0701B0
:100D90000CFB0EF7B0EB074072EB17420CFB08F7A9
:100DA00034BFA2EB0742B2EB074261EB17414FEAB7
:100DB0000C444FEA910706FB07FC4FEA1C4C0CFB66
:100DC0000BF7B0EBC74072EB573203FB0CF734BFA5
:100DD000A2EBC742B2EBC74261EB57310CFB0EF7F7
:100DE000B0EBC70072EB57720CFB08F734BFA2EBF5
:100DF000C702B2EBC70261EB5771039F4FEA8161F3
:100E000041EA921104EBCC044FEAD1374FEA8262F7
:100E100006FB07FC42EA90124FEA80604FEA1C4C46
:100E20000CFB0BF7D21B03FB0CF761EB07010CFB70
:100E30000EF7B0EB074072EB17420CFB08F734BF1C
:100E4000A2EB0742B2EB074261EB17414FEA8C5528
:100E50004FEA910704EB9C2406FB07FC4FEA1C4C6D
:100E60000CFB0BF7B0EBC74072EB573203FB0CF7F0
:100E700034BFA2EBC742B2EBC74261EB57310CFB68
:100E80000EF7B0EBC70072EB57720CFB08F734BFDC
:100E9000A2EBC702B2EBC70261EB577115EB4C2511
:100EA0004FEA816141EA92114FEA82624FEAD137FB
:100EB00042EA901206FB07FC44F100044FEA80600E
:100EC0004FEA1C4C0CFB0BF7D21B03FB0CF761EB3E
:100ED00007010CFB0EF7B0EB074072EB17420CFB5F
:100EE00008F734BFA2EB0742B2EB074261EB1741B0
:100EF00015EB1C154FEA813141EA92414FEA8232EB
:100F000042EA90424FEA80304FEA0C7644F1000406
:100F100048EA03434EEA0B484FF0000EB2EB080CD0
:100F200071EB030724BF624639464EEB0E0E4FF0BD
:100F3000000B0018524149414BEB0B0BB2EB080C74
:100F400071EB03077BF1000B24BF624639464EEB81
:100F50000E0E4FF0000B0018524149414BEB0B0BAA
:100F6000B2EB080C71EB03077BF1000B24BF624668
:100F700039464EEB0E0E51EA020718BF46F0010645
:100F800016EB0E7655F1000254F1000103D5BDE8D1
:100F90008901BDE80088BDE88901BDE80048B619AF
:100FA000524141EB0101A3F10103704780807F7E34
:100FB0007D7C7B7A797877767675747372717170CF
:100FC0006F6E6E6D6C6C6B6A6A6968686766666581
:100FD0006464636362616160605F5F5E5E5D5D5C0F
:100FE0005C5B5B5A5A595958585757565655555580
:100FF0005454535352525251515050504F4F4F4EE0
:101000004E4D4D4D4C4C4C4B4B4B4A4A4A4949492D
:10101000484848474747474646464545454444446F
:10102000444343434342424242414141002B9C4698
:1010300030D477002BD01CB54FEA370703B44FF0FC
:1010400010004FF01001BAF1000F06D0BCF1000FF4
:10105000DCBF40F0080040F008014FF000000FBC7A
:10106000BDE810400BF1010BBBF1010F08BF5FEAB7
:10107000170722BF12F1010211F101014FF00041E7
:1010800043F1000300F0004043EA00007047F9D349
:101090005708D0E746EA064613F1400F4FEA1646D6
:1010A0001FDD13F1200FDFBF16430A460021203356
:1010B0005B42BED0C3F1200746EA064602FA07F7B4
:1010C0004FEA164646EA0706C3F1200722FA03F262
:1010D00001FA07F721FA03F14FF0000342EA070291
:1010E000A7E746EA020646EA06464FEA164646EAF9
:1010F0000106BCBF46EA0646360C4FF000034FF02F
:1011000000024FF0000194E72DE9804C9A46934687
:1011100070B491E8380007C831EA400C48BF34EA9F
:10112000430C03D5FFF7E6FDFFF780FFF0BCBDE8F9
:10113000008C2DE9804C9A46934670B491E83800B3
:1011400007C810F0804F08BF13F0804F03D100F0A4
:1011500005F8FFF76BFFF0BCBDE8008C20F07F477F
:1011600080EA030023F07F4C07EB0C03A3F57C53CC
:1011700000F00040A3F1FE0392F0000F00F0B380F6
:1011800095F0000F00F077802DE901494FEA1140FA
:101190004FEA144621EA004800FB06FC24EA064711
:1011A00008FB06F607FB08F800FB07F718EB0648F4
:1011B0004CEB164C4FEA124B18EB07484FEA15461A
:1011C0004CEB174022EA0B4E0BFB06FC25EA0647C8
:1011D0000EFB06F607FB0EFE0BFB07F71EEB064E9B
:1011E0004CEB164C4FF000061EEB074E4CEB174B2A
:1011F00018EB0B0840F1000018EB0E0B58EB000841
:1012000040F100008F1A4FF000013CBFC943661B3C
:1012100014BFB5EB040C00213CBFC943F61B4FEAD9
:1012200017444EEA8E0E27EA04454FEA1C4704FB9A
:1012300007622CEA074C05FB07F70CFB05F604FBDD
:101240000CFC16EB074642EB174216EB0C4642EB42
:101250001C421BEB060658EB0202414146EA9E0681
:1012600001D5BDE80189B619524141EB0101A3F155
:101270000103BDE801894FEA14454FEA114724EA0A
:10128000054621EA074C05FB07F406FB07F70CFBB4
:1012900006F105FB0CFC11EB074144EB17444FEA48
:1012A000124711EB0C4144EB1C4422EA074C05FBAE
:1012B00007F206FB07F70CFB06F605FB0CFC16EB2A
:1012C000074642EB174216EB0C4642EB1C456A18E8
:1012D00054F1000148BF7047B619524141EB01017A
:1012E000A3F10103704795F0000F37D04FEA114288
:1012F0004FEA144721EA024624EA074C02FB07F1B1
:1013000006FB07F70CFB06F402FB0CFC14EB07448E
:1013100041EB17414FEA154714EB0C4441EB1C41DC
:1013200025EA074C02FB07F506FB07F70CFB06F660
:1013300002FB0CFC16EB074645EB174516EB0C467B
:1013400045EB1C42121951F1000148BF7047B61914
:10135000524141EB0101A3F1010370474FEA1445EB
:101360004FEA114724EA054621EA074C05FB07F13D
:1013700006FB07F70CFB06F24FF0000605FB0CFC22
:1013800012EB074241EB174112EB0C4251EB1C41AF
:1013900048BF7047921841EB0101A3F10103704768
:1013A00000BFFEE77047000070B50446002594F8C2
:1013B0002100022803D00420A0630125C1E0206899
:1013C000006820F00E00216808602068006820F0A6
:1013D0000100216808605C492068884252D95A4956
:1013E00078392068884201D1012047E056496439A4
:1013F0002068884201D1102040E0534950392068CC
:10140000884201D1801539E04F493C392068884233
:1014100001D1801432E04C4928392068884202D139
:101420004FF480302AE0484914392068884202D1BC
:101430004FF4801022E044492068884201D14004E2
:101440001CE042492068884201D1012016E03F4952
:1014500014312068884201D110200FE03B49283127
:101460002068884201D1801508E038493C31206865
:10147000884201D1801401E04FF480303349091FC4
:10148000086051E0304978392068884201D1012054
:1014900047E02D4964392068884201D1102040E09E
:1014A000294950392068884201D1801539E0264900
:1014B0003C392068884201D1801432E02249283921
:1014C0002068884202D14FF480302AE01E49143946
:1014D0002068884202D14FF4801022E01A49206827
:1014E000884201D140041CE018492068884201D19B
:1014F000012016E0154914312068884201D11020DE
:101500000FE0124928312068884201D1801508E097
:101510000E493C312068884201D1801401E04FF42B
:101520008030094980394860012084F8210000BFDB
:10153000002084F8200000BF606B10B12046616B72
:101540008847284670BD0000800002400804024021
:101550002DE9F847024600239C467BE14FF0010845
:1015600008FA03F4D1F8008008EA0400A0427DD113
:10157000DFF8F4A2D1F80480A8EB0A09D0453AD0EC
:1015800014DCB8F1030F50D009DCB8F1000F31D0F2
:10159000B8F1010F1CD0B8F1020F49D120E0B8F129
:1015A000110F18D0B8F1120F42D11EE0B9F5881F03
:1015B00025D006DCB9F5803F20D0B9F5801F37D1A2
:1015C0001AE0B9F5001F18D0B9F5041F30D117E0A3
:1015D000D1F80CC02DE0D1F80C8008F1040C28E003
:1015E000D1F80C8008F1080C23E0D1F80C8008F148
:1015F0000C0C1EE000BF00BF00BF00BF00BF00BF5B
:10160000D1F80880B8F1000F02D14FF0040C0BE0C4
:10161000D1F80880B8F1010F03D14FF0080C146124
:1016200002E04FF0080C546103E04FF0000C00E0C2
:1016300000BF00BFFF2801D8904601E002F1040876
:101640004646FF2802D84FEA830803E0A3F10808C2
:101650004FEA88084746D6F800804FF00F0909FA8C
:1016600007F928EA09080CFA07F900E07AE048EAE5
:101670000908C6F80080D1F8048008F08058B8F155
:10168000805F6FD100BFDFF8E481D8F8188048F0A0
:101690000108DFF8D891C9F81880C846D8F8188032
:1016A00008F00108CDF8008000BF00BF4FEAB9384C
:1016B0004FEA930958F829504FEA83784FEA18798E
:1016C0004FF00F0808FA09F825EA0805DFF8A081AD
:1016D000424502D14FF0000824E0DFF898814245EE
:1016E00002D14FF001081DE0DFF88C81424502D1A4
:1016F0004FF0020816E0DFF88481424502D14FF036
:1017000003080FE0DFF87881424502D14FF004086A
:1017100008E0DFF87081424502D14FF0050801E092
:101720004FF006084FEA83794FEA197908FA09F869
:1017300048EA0505DFF850814FEA930948F8295037
:10174000D1F8048008F48038B8F5803F0BD1DFF879
:101750003C81D8F8008048EA0008DFF83091C9F8E9
:1017600000800AE075E0DFF82481D8F8008028EADC
:101770000008DFF81891C9F80080D1F8048008F457
:101780000038B8F5003F0ED1DFF8008108F10408F9
:10179000D8F8008048EA0008DFF8F09009F1040961
:1017A000C9F800800DE0DFF8E48008F10408D8F8FB
:1017B000008028EA0008DFF8D49009F10409C9F88C
:1017C0000080D1F8048008F48018B8F5801F0ED18D
:1017D000DFF8B88008F10808D8F8008048EA000867
:1017E000DFF8A89009F10809C9F800800DE0DFF8DA
:1017F0009C8008F10808D8F8008028EA0008DFF883
:101800008C9009F10809C9F80080D1F8048008F427
:101810000018B8F5001F0ED1DFF8708008F10C0831
:10182000D8F8008048EA0008DFF8609009F10C0958
:10183000C9F800800DE0DFF8548008F10C08D8F8F2
:10184000008028EA0008DFF8449009F10C09C9F883
:1018500000805B1CD1F8008028FA03F8B8F1000F73
:101860007FF47CAEBDE8F887000011100010024044
:1018700000080140000C014000100140001401402C
:1018800000180140001C0140080001400004014014
:10189000024693680B400BB1012000E00020704726
:1018A00010B5C26821EA020302EA010443EA0443D4
:1018B000036110BD0AB1016101E00B0403617047CF
:1018C00001480068704700001000002003480068CD
:1018D0000349097808440149086070471000002056
:1018E0001800002010B50848006840F010000649B4
:1018F0000860052000F080F80F2000F007F800F0E5
:101900002BF8002010BD00000020024070B50446F6
:101910000E4800784FF47A71B1FBF0F00C49096879
:10192000B1FBF0F5284600F0F7FB08B1012070BDCF
:10193000102C07D200222146501E00F01EF8054848
:10194000046001E00120F2E70020F0E71800002029
:1019500000000020140000207047014608460028BF
:1019600009DB00F01F0301229A4043099B0003F1A9
:10197000E023C3F8002100BF70472DE9F05F8046E7
:101980000D461646002700F00FFF074639462A4647
:10199000334601F00700C0F1070ABAF1040F02D97B
:1019A0004FF0040A01E0C0F1070AD14600F1040A31
:1019B000BAF1070F02D24FF0000A01E0A0F1030ACA
:1019C000D4464FF0010A0AFA09FAAAF1010A0AEA12
:1019D000020A0AFA0CFA4FF0010B0BFA0CFBABF1FE
:1019E000010B0BEA030B4AEA0B042146404600F0C8
:1019F000E3FEBDE8F09F000000BF00F00702064BC9
:101A000019684FF6FF031940044B0B4343EA0221C8
:101A1000014B196000BF70470CED00E00000FA05B3
:101A200070B504460D460CB9012070BD5A480068D7
:101A300000F00700A8420ED25748006820F00700C7
:101A40002843554908600846006800F00700A8428E
:101A500001D00120E9E7207800F0020002281DD122
:101A6000207800F00400042805D14C48406840F478
:101A7000E0604A494860207800F00800082805D155
:101A80004648406840F460504449486043484068D4
:101A900020F0F000A168084340494860207800F039
:101AA000010078B36068012806D13C48006800F462
:101AB000003090B90120B8E76068022806D13748A5
:101AC000006800F0007040B90120AEE733480068BC
:101AD00000F0020008B90120A7E73048406820F074
:101AE0000300616808432D494860FFF7E9FE064698
:101AF00009E0FFF7E5FE801B41F28831884202D9F8
:101B0000032092E707E02548406800F00C00616878
:101B1000B0EB810FEDD12048006800F00700A8422B
:101B20000ED91D48006820F0070028431A490860B4
:101B30000846006800F00700A84201D0012074E7C1
:101B4000207800F00400042807D11448406820F4ED
:101B5000E060E168084311494860207800F008001F
:101B6000082808D10D48406820F46050216940EAF7
:101B7000C1000A49486000F03FF808494968C1F3CC
:101B80000311074A515CC8400649086006480068CE
:101B9000FFF7BCFE002048E7002002400010024092
:101BA000CA930008000000201400002001480068CB
:101BB000704700000000002000B5FFF7F7FF044960
:101BC0004968C1F30221034A515CC84000BD0000CE
:101BD00000100240DA93000800B5FFF7E7FF044960
:101BE0004968C1F3C221034A515CC84000BD0000EE
:101BF00000100240DA930008F0B585B00FF26C0CCB
:101C00009CE8E01001A8A0E8E0101CA52D68009554
:101C100000210022002300240020194D696801F0F2
:101C20000C05F5B1042D02D0082D19D101E015489D
:101C300019E001ADC1F38346AC5D01F4803555B1C7
:101C40000F4D6D68C5F340451DF805200D4D6543EA
:101C5000B5FBF2F302E00C4D04FB05F3184602E07D
:101C600000BF084800BF00BF05B0F0BD0203040577
:101C7000060708090A0B0C0D0E0F101001020000D8
:101C80000010024000127A0000093D00F8B5044639
:101C90000CB90120F8BD207800F00100002878D0B0
:101CA000F848406800F00C0004280CD0F548406863
:101CB00000F00C00082811D1F248406800F4803090
:101CC000B0F5803F0AD1EF48006800F400300028EA
:101CD0005FD0606800285CD10120DBE700BF60684E
:101CE000B0F5803F06D1E748006840F48030E54910
:101CF000086028E0606858B9E248006820F4803045
:101D0000E04908600846006820F4802008601AE076
:101D10006068B0F5A02F0BD1DA48006840F480204D
:101D2000D84908600846006840F4803008600AE03E
:101D3000D448006820F48030D24908600846006822
:101D400020F48020086000BF606888B1FFF7B8FD0C
:101D5000054606E0FFF7B4FD401B642801D90320C7
:101D600098E7C848006800F400300028F2D010E07E
:101D7000FFF7A6FD054606E0FFF7A2FD401B64281D
:101D800001D9032086E7BF48006800F4003000282E
:101D9000F2D1207800F00200022857D1B9484068FB
:101DA00000F00C0050B1B748406800F00C00082863
:101DB00018D1B448406800F4803098B9B148006840
:101DC00000F0020020B12069012801D0012061E764
:101DD000AC48006820F0F800616940EAC100A949F8
:101DE000086033E02069E8B10120A7490860FFF7E7
:101DF00067FD054606E0FFF763FD401B022801D999
:101E0000032047E79F48006800F002000028F2D056
:101E10009C48006820F0F800616940EAC1009949D7
:101E2000086013E0002098490860FFF749FD054667
:101E300006E0FFF745FD401B022801D9032029E7F2
:101E40009048006800F002000028F2D1207800F0ED
:101E5000080008282DD1A069B8B101208B4908607D
:101E6000FFF72EFD054606E0FFF72AFD401B02287E
:101E700001D903200EE78348406A00F002000028E1
:101E8000F2D0012000F026FB13E000207F4908601B
:101E9000FFF716FD054606E0FFF712FD401B02287E
:101EA00001D90320F6E67748406A00F002000028D6
:101EB000F2D1207800F00400042873D10027714883
:101EC000C06900F0805070B900BF6E48C06940F032
:101ED00080506C49C8610846C06900F0805000908D
:101EE00000BF00BF01276A48006800F48070B0B9E5
:101EF0006748006840F4807065490860FFF7E0FCBF
:101F0000054606E0FFF7DCFC401B642801D90320EE
:101F1000C0E65F48006800F480700028F2D000BF7F
:101F2000E068012806D15748006A40F00100554991
:101F3000086227E0E06858B95248006A20F00100C2
:101F4000504908620846006A20F00400086219E05F
:101F5000E06805280BD14B48006A40F0040049496D
:101F600008620846006A40F0010008620AE045483D
:101F7000006A20F00100434908620846006A20F028
:101F80000400086200BFE068A0B1FFF799FC0546B5
:101F900009E0FFF795FC401B41F28831884202D9E5
:101FA000032077E622E03748006A00F002000028AC
:101FB000EFD012E0FFF784FC054608E0FFF780FC55
:101FC000401B41F28831884201D9032062E62D4846
:101FD000006A00F002000028F0D1012F05D1294845
:101FE000C06920F080502749C86100BFE069C8B3CC
:101FF0002448406800F00C00082860D0E0690228FE
:1020000048D1002020490866FFF75AFC054606E043
:10201000FFF756FC401B022801D903203AE6194875
:10202000006800F000700028F2D1206AB0F5803F0F
:1020300007D11448406820F40030A16808431149D2
:102040004860D4E9080108430E49496821F4741135
:1020500008430C49486001200B490866FFF730FC33
:10206000054607E03DE0FFF72BFC401B022801D9A5
:1020700003200FE60348006800F000700028F2D04B
:102080002FE0000000100240000042428004424263
:1020900000700040002014490866FFF711FC054657
:1020A00006E0FFF70DFC401B022801D90320F1E5F3
:1020B0000E48006800F000700028F2D111E0E069DD
:1020C000012800D1E6E50948466806F48031206A17
:1020D000814204D106F47011606A814201D001206E
:1020E000D8E50020D6E50000000042420010024082
:1020F000042808D14FF0E021096941F004014FF0B4
:10210000E022116107E04FF0E021096921F00401AC
:102110004FF0E0221161704770B504462546681EF5
:10212000B0F1807F01D301200FE0681E4FF0E02165
:1021300048610F214FF0FF3000F03EFB00204FF0D0
:10214000E021886107200861002070BD7047000011
:102150002DE9F0470446206805682068C6682068B5
:1021600047694FF00008C14605F00F08B8F1000FAD
:102170000AD105F0200038B106F0200020B1204639
:1021800000F0ECF9BDE8F087B8F1000F71D007F06E
:10219000010018B906F4907000286AD005F001001B
:1021A00030B106F4807018B1E06B40F00100E063DC
:1021B00005F0040030B107F0010018B1E06B40F009
:1021C0000200E06305F0020030B107F0010018B131
:1021D000E06B40F00400E06305F0080048B106F051
:1021E000200010B907F0010018B1E06B40F00800C2
:1021F000E063E06B68B305F0200028B106F0200032
:1022000010B1204600F0AAF920684069C0F3801997
:10221000E06B00F0080010B9B9F1000F22D02046A1
:1022200000F07CF92068406900F04000B0B12068FF
:10223000406920F0400021684861606B50B1184847
:10224000616B4863606BFFF7AFF810B1606B416B77
:1022500088470CE02046FFF779FF08E02046FFF7AB
:1022600075FF04E02046FFF771FF0020E06389E777
:10227000FFE705F0800030B106F0800018B120467D
:1022800000F03AFA7EE705F0400030B106F0400079
:1022900018B1204600F052F974E700BF72E7000061
:1022A0000925000810B504460CB9012010BDA0692D
:1022B00000B100E000BF94F8390028B9002084F88C
:1022C0003800204600F028F8242084F839002068DF
:1022D000C06820F400502168C860204600F08EF9E4
:1022E0002068006920F490402168086120684069F6
:1022F00020F02A00216848612068C06840F400503E
:102300002168C8600020E063202084F8390084F848
:102310003A000020CAE7000010B586B004462849FC
:10232000206888424AD100BF00BF2648806940F03B
:102330000400244988610846806900F00400019087
:1023400000BF00BF00BF00BF00BF0846806940F06B
:10235000040088610846806900F00400019000BF15
:1023600000BF00BF00BF00BF0846806940F4804046
:1023700088610846806900F48040019000BF00BF7A
:1023800000BF481502900220039001200490032012
:10239000059002A90C48FFF7DBF84FF4806002902B
:1023A0000020039002A90848FFF7D2F82520FFF784
:1023B000D4FA032211462520FFF7DFFA06B010BD3C
:1023C00000380140001002400008014010B50346EB
:1023D00093F83A0020282FD101B10AB9012010BD8D
:1023E00000BF93F83800012801D10220F7E701204F
:1023F00083F8380000BF99629A85DA850020D86397
:10240000222083F83A0000BF002083F8380000BF84
:102410001868C06840F480701C68E0601868406903
:1024200040F001001C6860611868C06840F020003E
:102430001C68E0600020D2E70220D0E71D4A016856
:10244000914236D11C49098801F4004189BB1A49DF
:10245000098801F4804171B1184909780A2903D02B
:102460000021154A118024E01349098841F40041F4
:10247000114A11801DE0114909780D2906D10E4934
:10248000098841F480410C4A118012E00B49097817
:10249000094A1288C2F30D02094B9954064909886A
:1024A000491C054A118011460988C72901DD002110
:1024B00011807047003801400C0000200E00002001
:1024C00038000020704700BFFEE700BFFEE77047FE
:1024D0007047000008B508490968C9084FF47A72C6
:1024E000B1FBF2F14143009100BF00BF00994A1EC9
:1024F00000920029F9D108BD00000020704710B5F6
:10250000FFF7E4F910BD704770B505466C6A00200E
:10251000E085E0842046FFF719FE70BD0168C968B8
:1025200021F490710268D1600168496921F00101CC
:1025300002685161202180F83A10704710B50446B6
:102540002068C06820F040002168C860202084F81E
:1025500039002046FFF7B6FF002010BD70B50446D5
:1025600094F83A00222847D1A068B0F5805F0CD1DA
:10257000206950B90025A66A20684068C0F30800A9
:102580003080A06A801CA06215E0A56A0026A068C1
:10259000B0F5805F03D0A06828B9206918B9206819
:1025A0004068287004E02068406800F07F002870D0
:1025B000A06A401CA062E08D401E80B2E085C8B9D0
:1025C0002068C06820F020002168C8602068C068CA
:1025D00020F480702168C8602068406920F0010004
:1025E00021684861202084F83A002046FFF726FF42
:1025F000002070BD0020FCE70220FAE770B5044619
:102600002168096921F44051E2681143226811618F
:102610002269A1681143626941EA02052168C9681B
:1026200041F20C62914329432268D16021684969D3
:1026300021F44071A2691143226851612D4A216839
:10264000914202D1FFF7C8FA01E0FFF7B5FA00EBBB
:10265000C00101EB001162689200B1FBF2F100EBE6
:10266000C00202EB001263689B00B2FBF3F264232A
:10267000B2FBF3F202EBC20303EB0212A1EB820105
:10268000322202EB01116422B1FBF2F101F0F00100
:1026900000EBC00202EB001263689B00B2FBF3F296
:1026A0006423B2FBF3F201EB021200EBC00101EB79
:1026B000001163689B00B1FBF3F100EBC00303EB77
:1026C00000136668B600B3FBF6F36426B3FBF6F3BB
:1026D00003EBC30606EB0313A1EB8301322303EBE9
:1026E00001116423B1FBF3F101F00F0111442268E1
:1026F000916070BD00380140014691F839002128F1
:1027000028D18868B0F5805F0BD1086948B90A6A9A
:102710001088C0F308000B685860086A801C0862C3
:1027200005E00B6A581C086218780B685860C88C62
:10273000401E80B2C88458B90868C06820F0800084
:102740000B68D8600868C06840F040000B68D8602B
:10275000002070470220FCE710B50648FFF7F8FCA0
:1027600000BF012204490348FFF730FE0028F8D1DA
:1027700010BD0000000100200E00002000BFFEE799
:10278000490050EAC12018BF04204A0D18BF40F08C
:10279000010040F2FF72B2EB515F08BF40F002004F
:1027A000012808BF0520704702480068C0F30220D6
:1027B000704700000CED00E010B5002804DB0A07AC
:1027C000130E054A135406E00A07140E034A00F0DC
:1027D0000F031B1FD45410BD00E400E018ED00E00F
:1027E00030380A2801D2012070470020704700BF0E
:1027F000704710B50446A0B200F0AEFA10BD00005C
:1028000000B585B00020019002900390049000BFB5
:1028100000BF1F48806940F004001D4988610846D8
:10282000806900F00400009000BF00BF00BF00BF3F
:1028300000BF0846806940F004008861084680694E
:1028400000F00400009000BF00BF00BF1020019006
:102850000120029003900320049001A90D48FEF787
:1028600077FE02200190002002900220039001A92F
:102870000848FEF76DFE00BF002210210548FFF753
:1028800019F800BF6A200449087005B000BD0000B7
:102890000010024000080140240000202DE9F04112
:1028A00007460E4614461D46EAB223463146034803
:1028B000007800F0BFF9BDE8F0810000240000209E
:1028C0002DE9F04107460E4614461D46EAB223465E
:1028D00031460348007800F0F2F9BDE8F0810000CD
:1028E0002400002010B500BF002204211148FEF78B
:1028F000E1FF00BF00F022F800BF012211030E48E3
:10290000FEF7D8FF00BF00F019F800BF00224FF417
:1029100080510948FEF7CEFF00BF00F00FF800BF5E
:10292000012204210348FEF7C5FF00BF00F006F8AE
:1029300010BD0000001401400010014010B502203D
:1029400000F026FA10BD000000B585B0002001900F
:1029500002900390049000BF00BF1A48806940F0C5
:102960001000184988610846806900F01000009046
:1029700000BF00BF00BF00BF00BF0846806940F035
:10298000200088610846806900F02000009000BFA8
:1029900000BF00BF88140190012002900390032023
:1029A000049001A90848FEF7D3FD042001901120EE
:1029B000029001A90548FEF7CBFD00F0BFF805B075
:1029C00000BD000000100240001001400014014052
:1029D00010B500BF012204210C48FEF76BFF00BFB9
:1029E000FFF7ACFF00BF012211030948FEF762FFA9
:1029F00000BFFFF7A3FF00BF00224FF4805104483F
:102A0000FEF758FF00BFFFF799FF10BD001401400B
:102A10000010014070B50546002400261DE0600648
:102A2000040E00BF012211031148FEF743FF00BF4F
:102A3000FFF784FF04210F48FEF72AFF08B1601C4E
:102A4000C4B200BF00224FF480510948FEF732FFA4
:102A500000BFFFF773FF701CC6B2082EDFDB15B98D
:102A6000FFF7B6FF01E0FFF73DFF204670BD000015
:102A7000001001400014014070B50446002525E017
:102A800000BFE00928B1012204211548FEF712FF1A
:102A900004E0002204211248FEF70CFF00BFFFF7FC
:102AA0004DFF00BF012211030E48FEF703FF00BFD8
:102AB000FFF744FF00BF00224FF480510948FEF7A2
:102AC000F9FE00BF6006040E681CC5B2082DD7DBF6
:102AD00000BF012204210248FEF7ECFE00BF70BDDA
:102AE000001401400010014010B500BF0122042174
:102AF0001048FEF7DFFE00BF00BF012211030E48A1
:102B0000FEF7D8FE00BFFFF719FF00BF0022042127
:102B10000848FEF7CFFE00BFFFF710FF00BF0022FE
:102B20004FF480510448FEF7C5FE00BFFFF706FFD3
:102B300010BD0000001401400010014010B500BF9E
:102B4000002204210C48FEF7B5FE00BFFFF7F6FE99
:102B500000BF012211030948FEF7ACFE00BFFFF7DA
:102B6000EDFE00BF012204210348FEF7A3FE00BFD3
:102B7000FFF7E4FE10BD000000140140001001400A
:102B800070B50024002500BF012204211548FEF77E
:102B900091FE00BFFFF7D2FE00BF012211031248D1
:102BA000FEF788FE00BFFFF7C9FE07E0601CC4B255
:102BB000FA2C03DDFFF7C2FF012505E004210948D7
:102BC000FEF766FE0028F1D100BF00BF00224FF4DF
:102BD00080510548FEF76EFE00BFFFF7AFFE2846A6
:102BE00070BD000000140140001001401CB5FFF74B
:102BF00007FEFFF7A9FE01A90D4805F0ACFC9DF802
:102C00000400702801D001201CBD0421084805F0F3
:102C100051FE00BF6946064805F010FE9DF8000011
:102C20000028F7D10121024805F07CFC0020EBE7E9
:102C3000280000202DE9F04105460F4614461E46A7
:102C4000FFF752FF002141EA4501C8B2FFF714FF28
:102C5000FFF796FF012804D1FFF770FF0220BDE8BF
:102C6000F0813846FFF708FFFFF78AFF012803D1FC
:102C7000FFF764FF0220F2E7FFF736FF012101EBC7
:102C80004501C8B2FFF7F8FEFFF77AFF012803D12C
:102C9000FFF754FF0220E2E70BE0012C01DD0121E8
:102CA00000E000210846FFF7B5FE3070601EC4B298
:102CB000761C002CF1D1FFF741FF0020CFE72DE972
:102CC000F04105460E4617469846FFF70DFF0021D6
:102CD00041EA4501C8B2FFF7CFFEFFF751FF0128D7
:102CE00004D1FFF72BFF0220BDE8F0813046FFF74B
:102CF000C3FEFFF745FF012803D1FFF71FFF0220A6
:102D0000F2E700240DE018F80400FFF7B5FEFFF726
:102D100037FF012803D1FFF711FF0220E4E7601C11
:102D2000C4B2BC42EFDBFFF709FF0020DCE7000084
:102D300010B5044600204FF0E0210861FFF7D8F9F4
:102D40002046E11704EB5171C1F3CF01014A118014
:102D500010BD00000400002070B504464FF47A70E6
:102D600094FBF0F594FBF0F100FB114603E00748FB
:102D700000F00EF86D1E002DF9D12EB14FF47A71CE
:102D800006FB01F000F004F870BD000040420F00A7
:102D90000146114A12884A434FF0E0235A6100224B
:102DA0009A611A46126942F001021A6100BF4FF09F
:102DB000E022106900F001021AB100F48032002A0A
:102DC000F5D04FF0E022126922F001024FF0E0232B
:102DD0001A6100229A6170470400002092B04FF0FF
:102DE000000BFFF703FF8246BAF1000F0ED067A079
:102DF000FDF71EFA09E000BF4FF480716A48FEF744
:102E00004FFD00BFC820FFF7A7FFF4E70521674883
:102E100005F0B3FD0521654805F0B0FC00216348CD
:102E200005F0E0FD0421614805F0DAFC9DF844005E
:102E300020F00100401C11909DF8440020F0040097
:102E4000001D11909DF8440020F0080008301190FA
:102E50005648119905F0BDFB0121544805F0A0FB2F
:102E60000021524805F083FB0121504805F01FFC6A
:102E700004214E4805F002FC86E010A94B4805F0FD
:102E80002FFC9DF8400000F0010090B10EA94748CA
:102E900005F0EEFABDF9380005F052FC0890BDF9D6
:102EA0003A0005F04DFC0990BDF93C0005F048FCE6
:102EB0000A909DF84000C0F3400090B10CA93B4837
:102EC00005F003FBBDF9300005F02EFC0590BDF9BF
:102ED000320005F029FC0690BDF9340005F024FC11
:102EE00007909DF84000C0F3800040B10BA92F4827
:102EF00005F015FDBDF92C0005F02EFC04900BF13A
:102F00000100C0B2834614283BD14FF0000B28A02B
:102F1000FDF78EF90A9805F0ADFF04460D460998B5
:102F200005F0A8FF06460F46089805F0A3FF804667
:102F300042460B462AA0CDE90067CDE90245FDF7E0
:102F400077F9079805F096FF04460D46069805F0B8
:102F500091FF06460F46059805F08CFF80464246D5
:102F60000B4629A0CDE90067CDE90245FDF760F9E0
:102F7000049805F07FFF044622460B462CA0FDF77F
:102F800057F90A20FFF7E8FE77E7000041544B2D80
:102F90004D533644535620696E6974206661696CDE
:102FA0006564210D0A00000000080140280000208F
:102FB0000D0A2A2A2A2A2A2A2A2A2A2A2A2A2A2AAE
:102FC0002A2A2A2A2A2A2A2A2A2A2A2A2A2A2A2A61
:102FD0002A2A2A2A2A2A2A2A2A2A2A2A0D0A0000E2
:102FE000416363656C65726174696F6E5B6D675D8B
:102FF0003A2025342E32662025342E3266202534A0
:103000002E32660D0A000000416E67756C617220F9
:10301000726174655B6D6470735D3A2025342E3285
:10302000662025342E32662025342E32660D0A00A5
:1030300054656D70657261747572655B6465674334
:103040005D3A2025362E32660D0A000000BF054A83
:10305000126802F04002002AF9D0C2B2014B1B1DD7
:103060001A6070470038014000B585B000BF00BF4E
:103070002948806940F01000274988610846806926
:1030800000F01000009000BF00BF00BF00BF00BFF5
:103090000846806940F0040088610846806900F0B5
:1030A0000400009000BF00BF00BF00BF00BF084683
:1030B000806940F0040088610846806900F00400DF
:1030C000009000BF00BF00BF2020019000200290B0
:1030D000012003900320049001A91048FEF738FA5C
:1030E0004FF4004001900020029001200390032043
:1030F000049001A90A48FEF72BFA01200190002054
:103100000290022003900320049001A90448FEF7D6
:103110001FFA05B000BD0000001002400010014081
:103120000008014078B5044600261B480588408801
:1031300045430021084604F095FD00BF164800896C
:1031400000904FF080701549086140000861BDF89B
:103150000000134908604FF4000010490861802006
:1031600008618000086100BF00BF40100861400492
:10317000086100BF08E00A4804604FF400000749F6
:10318000086180200861761CAE42F4D34FF40070D1
:103190000249086178BD0000400100200010014094
:1031A0000C0C014010B5044658488471002C58D1CD
:1031B000F020564908804FF4A07048800846808867
:1031C00045F21051884210D14FF430504F490881D8
:1031D0004FF4285048814FF42C5088814FF4F07000
:1031E00008804FF4487048801AE04848808841F6CB
:1031F000631188420DD12C20444908812B2048813D
:103200002A2088814FF4F07008804FF4487048807D
:1032100006E02C203D4908812A2048812B20888106
:103220003A48808845F21031884205D03748808876
:1032300047F29671884206D14FF4A0703349088056
:103240004FF4F07048803148808849F60601884282
:1032500058D14FF4F0702D4908804FF448704880E1
:1032600050E04FF4A07029490880F02048800846BB
:10327000808845F21051884210D14FF430502349D4
:1032800008814FF4285048814FF42C5088814FF426
:10329000487008804FF4F070488020E01B48808818
:1032A00041F66311884205D01848808849F6060126
:1032B00088420DD12C20154908812A2048812B20D5
:1032C00088814FF4487008804FF4F070488006E021
:1032D0002C200E4908812A2048812B2088810B4808
:1032E000808845F21031884205D00848808847F22E
:1032F0009671884206D14FF4F070044908804FF46B
:10330000A0704880002004F019FA10BD4001002090
:1033100078B505460E4614463146284604F0A2FC10
:1033200000BF1248008900904FF08070104908617A
:1033300040000861BDF800000E4908604FF400002D
:103340000B490861802008618000086100BF00BF50
:103350004010086140040861064804604FF4000012
:103360000861802008618000086178BD400100206C
:10337000001001400C0C014008B5CF2000904FF028
:103380008070FE49086140000861BDF80000FC49FA
:1033900008604FF40000F94908618020086180004E
:1033A000086100BF002004F0DFFFC12004F0DCFF53
:1033B000302004F0D9FFED2000904FF08070EF49ED
:1033C000086140000861BDF80000ED4908604FF455
:1033D0000000EA490861802008618000086100BFA0
:1033E000642004F0C1FF032004F0BEFF122004F0AB
:1033F000BBFF812004F0B8FFE82000904FF0807000
:10340000DE49086140000861BDF80000DC49086041
:103410004FF40000D94908618020086180000861EC
:1034200000BF852004F0A0FF102004F09DFF7A204B
:1034300004F09AFFCB2000904FF08070CF490861D4
:1034400040000861BDF80000CD4908604FF400005D
:10345000CA490861802008618000086100BF3920E6
:1034600004F082FF2C2004F07FFF002004F07CFF9A
:10347000342004F079FF022004F076FFF72000905A
:103480004FF08070BD49086140000861BDF8000040
:10349000BB4908604FF40000B8490861802008610A
:1034A0008000086100BF202004F05EFFEA20009049
:1034B0004FF08070B149086140000861BDF800001C
:1034C000AF4908604FF40000AC49086180200861F2
:1034D0008000086100BF002004F046FF002004F0D7
:1034E00043FFC02000904FF08070A4490861400065
:1034F0000861BDF80000A24908604FF400009F4930
:103500000861802008618000086100BF1B2004F072
:103510002BFFC12000904FF0807098490861400057
:103520000861BDF80000964908604FF40000934917
:103530000861802008618000086100BF012004F05C
:1035400013FFC52000904FF080708C490861400047
:103550000861BDF800008A4908604FF400008749FF
:103560000861802008618000086100BF302004F0FD
:10357000FBFE302004F0F8FEC72000904FF0807072
:103580007E49086140000861BDF800007C49086080
:103590004FF40000794908618020086180000861CB
:1035A00000BFB72004F0E0FE362000904FF080709E
:1035B0007249086140000861BDF800007049086068
:1035C0004FF400006D4908618020086180000861A7
:1035D00000BF482004F0C8FE3A2000904FF08070F1
:1035E0006649086140000861BDF800006449086050
:1035F0004FF4000061490861802008618000086183
:1036000000BF552004F0B0FEB12000904FF0807054
:103610005A49086140000861BDF800005849086037
:103620004FF400005549086180200861800008615E
:1036300000BF002004F098FE1A2004F095FEB6208A
:1036400000904FF080704D49086140000861BDF85E
:1036500000004B4908604FF4000048490861802091
:1036600008618000086100BF0A2004F07DFEA220EE
:1036700004F07AFEF22000904FF080703F4908611C
:1036800040000861BDF800003D4908604FF40000AB
:103690003A490861802008618000086100BF00206D
:1036A00004F062FE262000904FF0807033490861DC
:1036B00040000861BDF80000314908604FF4000087
:1036C0002E490861802008618000086100BF012048
:1036D00004F04AFEE02000904FF080702749086116
:1036E00040000861BDF80000254908604FF4000063
:1036F00022490861802008618000086100BF0F2016
:1037000004F032FE2A2004F02FFE282004F02CFEC4
:10371000082004F029FE0E2004F026FE082004F004
:1037200023FE542004F020FEA92004F01DFE4320B7
:1037300004F01AFE0A2004F017FE0F2004F014FE15
:10374000002004F011FE002004F00EFE002004F022
:103750000BFE002004F008FEE12000904FF0807086
:103760000649086140000861BDF80000044908608E
:103770004FF4000001490861802003E0001001407F
:103780000C0C014008618000086100BF002004F0BB
:10379000EBFD152004F0E8FD172004F0E5FD0720FF
:1037A00004F0E2FD112004F0DFFD062004F0DCFD52
:1037B0002B2004F0D9FD562004F0D6FD3C2004F067
:1037C000D3FD052004F0D0FD102004F0CDFD0F2026
:1037D00004F0CAFD3F2004F0C7FD3F2004F0C4FD03
:1037E0000F2004F0C1FD2B2000904FF0807036496F
:1037F000086140000861BDF80000344908604FF4DA
:10380000000031490861802008618000086100BF24
:10381000002004F0A9FD002004F0A6FD012004F022
:10382000A3FD3F2004F0A0FD2A2000904FF08070FF
:103830002549086140000861BDF80000234908607F
:103840004FF4000020490861802008618000086171
:1038500000BF002004F088FD002004F085FD00205A
:1038600004F082FDEF2004F07FFD112000904FF066
:1038700080701549086140000861BDF800001349D7
:1038800008604FF400001049086180200861800042
:10389000086100BF7820FFF75FFA292000904FF001
:1038A00080700949086140000861BDF800000749BF
:1038B00008604FF40000044908618020086180001E
:1038C000086100BF08BD0000001001400C0C014061
:1038D00008B5FF2000904FF08070FE49086140005D
:1038E0000861BDF80000FC4908604FF40000F94988
:1038F0000861802008618000086100BFFF2004F09B
:1039000033FD982004F030FD062004F02DFDBC208E
:1039100000904FF08070EF49086140000861BDF8E9
:103920000000ED4908604FF40000EA49086180207A
:1039300008618000086100BF012004F015FD0F2020
:1039400004F012FD612004F00FFDFF2004F00CFDD7
:10395000012004F009FD012004F006FD0B2004F015
:1039600003FD102004F000FD372004F0FDFC63206F
:1039700004F0FAFCFF2004F0F7FCFF2004F0F4FC54
:10398000012004F0F1FC012004F0EEFC002004F022
:10399000EBFC002004F0E8FCFF2004F0E5FC5220E2
:1039A00004F0E2FC012004F0DFFC002004F0DCFC69
:1039B000402004F0D9FCBD2000904FF08070C54934
:1039C000086140000861BDF80000C34908604FF479
:1039D0000000C0490861802008618000086100BFC4
:1039E000012004F0C1FC232004F0BEFC452004F0BB
:1039F000BBFC672004F0B8FC012004F0B5FC2320D8
:103A000004F0B2FC452004F0AFFC672004F0ACFCED
:103A1000BE2000904FF08070AE4908614000086100
:103A2000BDF80000AC4908604FF40000A9490861E6
:103A3000802008618000086100BF002004F094FC31
:103A4000012004F091FCAB2004F08EFC602004F017
:103A50008BFC222004F088FC222004F085FC22202C
:103A600004F082FC222004F07FFC222004F07CFC85
:103A7000C72000904FF080709649086140000861AF
:103A8000BDF80000944908604FF4000091490861B6
:103A9000802008618000086100BF362004F064FCCB
:103AA000ED2000904FF080708A4908614000086165
:103AB000BDF80000884908604FF40000854908619E
:103AC000802008618000086100BF7F2004F04CFC6A
:103AD0000F2004F049FCC02000904FF080707D4919
:103AE000086140000861BDF800007B4908604FF4A0
:103AF000000078490861802008618000086100BFEB
:103B00000F2004F031FC0B2004F02EFC0A2004F0FE
:103B10002BFCFC2000904FF080706E490861400043
:103B20000861BDF800006C4908604FF40000694965
:103B30000861802008618000086100BF082004F04F
:103B400013FCDF2000904FF0807062490861400054
:103B50000861BDF80000604908604FF400005D494D
:103B60000861802008618000086100BF002004F027
:103B7000FBFB002004F0F8FB002004F0F5FB002024
:103B800004F0F2FB002004F0EFFB202004F0ECFB3B
:103B9000F32000904FF080704E49086140000861AA
:103BA000BDF800004C4908604FF400004949086125
:103BB000802008618000086100BF742004F0D4FBFD
:103BC000B42000904FF080704249086140000861C5
:103BD000BDF80000404908604FF400003D4908610D
:103BE000802008618000086100BF002004F0BCFB59
:103BF000002004F0B9FB002004F0B6FBF720009091
:103C00004FF080703349086140000861BDF8000042
:103C1000314908604FF400002E4908618020086196
:103C20008000086100BF822004F09EFBB12000905C
:103C30004FF080702749086140000861BDF800001E
:103C4000254908604FF4000022490861802008617E
:103C50008000086100BF002004F086FB132004F000
:103C600083FB132004F080FBF22000904FF0807063
:103C70001849086140000861BDF800001649086055
:103C80004FF400001349086180200861800008613A
:103C900000BF802004F068FB042004F065FB402096
:103CA00004F062FB282004F05FFBC12000904FF07D
:103CB00080700849086140000861BDF800000649AD
:103CC00008604FF40000034908618020086180000B
:103CD000086103E0001001400C0C014000BF1720F8
:103CE00004F042FB882004F03FFB882004F03CFBFA
:103CF000202004F039FBE02000904FF080709F49B5
:103D0000086140000861BDF800009D4908604FF45B
:103D100000009A490861802008618000086100BFA6
:103D2000002004F021FB0A2004F01EFB122004F006
:103D30001BFB102004F018FB0E2004F015FB2020C4
:103D400004F012FBCC2004F00FFB072004F00CFB66
:103D5000062004F009FB0B2004F006FB0E2004F003
:103D600003FB0F2004F000FB0D2004F0FDFA1520EA
:103D700004F0FAFA102004F0F7FA002004F0F4FA44
:103D8000E12000904FF080707C490861400008619C
:103D9000BDF800007A4908604FF4000077490861D7
:103DA000802008618000086100BF002004F0DCFA78
:103DB0000B2004F0D9FA132004F0D6FA0D2004F0F9
:103DC000D3FA0E2004F0D0FA1B2004F0CDFA7120B3
:103DD00004F0CAFA062004F0C7FA062004F0C4FA78
:103DE0000A2004F0C1FA0F2004F0BEFA0E2004F0FD
:103DF000BBFA0F2004F0B8FA152004F0B5FA0C2035
:103E000004F0B2FA002004F0AFFA2A2000904FF03C
:103E100080705A49086140000861BDF800005849A7
:103E200008604FF400005549086180200861800057
:103E3000086100BF002004F097FA002004F094FA13
:103E4000012004F091FADF2004F08EFA2B2000907C
:103E50004FF080704949086140000861BDF80000DA
:103E6000474908604FF40000444908618020086118
:103E70008000086100BF002004F076FA002004F002
:103E800073FA032004F070FA1F2004F06DFA3A2050
:103E900000904FF080703949086140000861BDF81A
:103EA0000000374908604FF4000034490861802061
:103EB00008618000086100BF552004F055FA3620E3
:103EC00000904FF080702D49086140000861BDF8F6
:103ED00000002B4908604FF4000028490861802049
:103EE00008618000086100BF002004F03DFA112045
:103EF00000904FF080702149086140000861BDF8D2
:103F000000001F4908604FF400001C490861802030
:103F100008618000086100BF7820FEF71DFF29209E
:103F200000904FF080701549086140000861BDF8AD
:103F30000000134908604FF4000010490861802018
:103F400008618000086100BF1420FEF705FF2C20E7
:103F500000904FF080700949086140000861BDF889
:103F60000000074908604FF4000004490861802000
:103F700008618000086100BF08BD0000001001401A
:103F80000C0C014008B5ED2000904FF08070FE4908
:103F9000086140000861BDF80000FC4908604FF46A
:103FA0000000F9490861802008618000086100BFB5
:103FB000012004F0D9F9FE2004F0D6F9EE2000909B
:103FC0004FF08070F049086140000861BDF80000C2
:103FD000EE4908604FF40000EB4908618020086159
:103FE0008000086100BFDE2004F0BEF9212004F04B
:103FF000BBF9F12000904FF08070E3490861400068
:104000000861BDF80000E14908604FF40000DE4996
:104010000861802008618000086100BF012004F071
:10402000A3F9DF2000904FF08070D749086140006D
:104030000861BDF80000D54908604FF40000D2497E
:104040000861802008618000086100BF102004F032
:104050008BF9C42000904FF08070CB49086140007C
:104060000861BDF80000C94908604FF40000C64966
:104070000861802008618000086100BF8F2004F083
:1040800073F9C62000904FF08070BF49086140006E
:104090000861BDF80000BD4908604FF40000BA494E
:1040A0000861802008618000086100BF002004F0E2
:1040B0005BF9E22004F058F9E22004F055F9E2201F
:1040C00004F052F9BF2000904FF08070AE490861B3
:1040D00040000861BDF80000AC4908604FF40000E2
:1040E000A9490861802008618000086100BFAA20FA
:1040F00004F03AF9B02000904FF08070A2490861B6
:1041000040000861BDF80000A04908604FF40000BD
:104110009D490861802008618000086100BF0D2072
:1041200004F022F9002004F01FF90D2004F01CF91E
:10413000002004F019F9112004F016F9002004F011
:1041400013F9192004F010F9002004F00DF92120D2
:1041500004F00AF9002004F007F92D2004F004F916
:10416000002004F001F93D2004F0FEF8002004F0E6
:10417000FBF85D2004F0F8F8002004F0F5F85D206D
:1041800004F0F2F8002004F0EFF8B12000904FF0B6
:1041900080707D49086140000861BDF800007B49DE
:1041A00008604FF4000078490861802008618000B1
:1041B000086100BF802004F0D7F8002004F0D4F894
:1041C0008B2004F0D1F8002004F0CEF8962004F003
:1041D000CBF8002004F0C8F8B22000904FF08070B7
:1041E0006949086140000861BDF80000674908603E
:1041F0004FF4000064490861802008618000086174
:1042000000BF002004F0B0F8002004F0ADF8022058
:1042100004F0AAF8002004F0A7F8032004F0A4F8A2
:10422000002004F0A1F8B32000904FF080705649B0
:10423000086140000861BDF80000544908604FF46F
:10424000000051490861802008618000086100BFBA
:10425000002004F089F8002004F086F8002004F023
:1042600083F8002004F080F8002004F07DF800209E
:1042700004F07AF8002004F077F8002004F074F8D5
:10428000002004F071F8002004F06EF8002004F023
:104290006BF8002004F068F8002004F065F80020B6
:1042A00004F062F8002004F05FF8002004F05CF8ED
:1042B000002004F059F8002004F056F8002004F023
:1042C00053F8002004F050F8002004F04DF80020CE
:1042D00004F04AF8002004F047F8002004F044F805
:1042E000B42000904FF080702749086140000861B9
:1042F000BDF80000254908604FF40000224908611C
:10430000802008618000086100BF8B2004F02CF839
:10431000002004F029F8962004F026F8002004F08C
:1043200023F8A12004F020F8002004F01DF8B520A7
:1043300000904FF080701449086140000861BDF89A
:104340000000124908604FF400000F490861802006
:1043500008618000086100BF022004F005F8002019
:1043600004F002F8032003F0FFFF002003F0FCFF3D
:10437000042003F0F9FF002003F0F6FFB6200090C0
:104380004FF08070004903E0001001400C0C014028
:10439000086140000861BDF80000FE4908604FF464
:1043A0000000FD490861802008618000086100BFAD
:1043B000002003F0D9FF002003F0D6FFB7200090C3
:1043C0004FF08070F449086140000861BDF80000BA
:1043D000F04908604FF40000EF490861802008614F
:1043E0008000086100BF002003F0BEFF002003F042
:1043F000BBFF3F2003F0B8FF002003F0B5FF5E20B5
:1044000003F0B2FF002003F0AFFF642003F0ACFF25
:10441000002003F0A9FF8C2003F0A6FF002003F08A
:10442000A3FFAC2003F0A0FF002003F09DFFDC20E1
:1044300003F09AFF002003F097FF702003F094FF31
:10444000002003F091FF902003F08EFF002003F086
:104450008BFFEB2003F088FF002003F085FFDC20BA
:1044600003F082FF002003F07FFFB82000904FF0A0
:104470008070C949086140000861BDF80000C54965
:1044800008604FF40000C449086180200861800082
:10449000086100BF002003F067FF002003F064FF05
:1044A000002003F061FF002003F05EFF002003F016
:1044B0005BFF002003F058FF002003F055FF0020B1
:1044C00003F052FFBA2000904FF08070B2490861AB
:1044D00040000861BDF80000AE4908604FF40000DC
:1044E000AD490861802008618000086100BF242078
:1044F00003F03AFF002003F037FF002003F034FF01
:10450000002003F031FFC12000904FF08070A249DD
:10451000086140000861BDF800009E4908604FF442
:1045200000009D490861802008618000086100BF8B
:10453000202003F019FF002003F016FF542003F0A1
:1045400013FF002003F010FFFF2003F00DFF0020F9
:1045500003F00AFFC22000904FF080708E4908617E
:1045600040000861BDF800008A4908604FF400006F
:1045700089490861802008618000086100BF0A2025
:1045800003F0F2FE002003F0EFFE042003F0ECFE47
:10459000002003F0E9FEC32000904FF080707E49B8
:1045A000086140000861BDF800007A4908604FF4D6
:1045B000000079490861802008618000086100BF1F
:1045C0003C2003F0D1FE002003F0CEFE3A2003F0A1
:1045D000CBFE002003F0C8FE392003F0C5FE00200A
:1045E00003F0C2FE372003F0BFFE002003F0BCFE44
:1045F0003C2003F0B9FE002003F0B6FE362003F0A5
:10460000B3FE002003F0B0FE322003F0ADFE002028
:1046100003F0AAFE2F2003F0A7FE002003F0A4FE63
:104620002C2003F0A1FE002003F09EFE292003F0C1
:104630009BFE002003F098FE262003F095FE00204C
:1046400003F092FE242003F08FFE002003F08CFE86
:10465000242003F089FE002003F086FE232003F0CF
:1046600083FE002003F080FE3C2003F07DFE00204E
:1046700003F07AFE362003F077FE002003F074FE8C
:10468000322003F071FE002003F06EFE2F2003F0B5
:104690006BFE002003F068FE2C2003F065FE002076
:1046A00003F062FE292003F05FFE002003F05CFEB1
:1046B000262003F059FE002003F056FE242003F0CC
:1046C00053FE002003F050FE242003F04DFE002096
:1046D00003F04AFE232003F047FE002003F044FECF
:1046E000C42000904FF080702B49086140000861A1
:1046F000BDF80000274908604FF400002649086112
:10470000802008618000086100BF622003F02CFE59
:10471000002003F029FE052003F026FE002003F010
:1047200023FE842003F020FE002003F01DFEF02075
:1047300003F01AFE002003F017FE182003F014FE09
:10474000002003F011FEA42003F00EFE002003F071
:104750000BFE182003F008FE002003F005FE502099
:1047600003F002FE002003F0FFFD0C2003F0FCFD2F
:10477000002003F0F9FD172003F0F6FD002003F000
:10478000F3FD952003F0F0FD002003F0EDFDF32094
:1047900004E000000C0C01400010014003F0E4FDB7
:1047A000002003F0E1FDE62003F0DEFD002003F031
:1047B000DBFDC52000904FF08070FE49086140008D
:1047C0000861BDF80000FC4908604FF40000F94999
:1047D0000861802008618000086100BF322003F07A
:1047E000C3FD002003F0C0FD442003F0BDFD002008
:1047F00003F0BAFD652003F0B7FD002003F0B4FD1F
:10480000762003F0B1FD002003F0AEFD882003F018
:10481000ABFD002003F0A8FDC62000904FF0807093
:10482000E449086140000861BDF80000E249086001
:104830004FF40000DF4908618020086180000861B2
:1048400000BF202003F090FD002003F08DFD172015
:1048500003F08AFD002003F087FD012003F084FDB2
:10486000002003F081FDC72000904FF08070D149F7
:10487000086140000861BDF80000CF4908604FF4AE
:104880000000CC490861802008618000086100BFF9
:10489000002003F069FD002003F066FD002003F016
:1048A00063FD002003F060FDC82000904FF0807091
:1048B000C049086140000861BDF80000BE490860B9
:1048C0004FF40000BB490861802008618000086146
:1048D00000BF002003F048FD002003F045FD00204C
:1048E00003F042FD002003F03FFDC92000904FF08F
:1048F0008070B049086140000861BDF80000AE4911
:1049000008604FF40000AB49086180200861800016
:10491000086100BF002003F027FD002003F024FD04
:10492000002003F021FD002003F01EFD002003F015
:104930001BFD002003F018FD002003F015FD0020F2
:1049400003F012FD002003F00FFD002003F00CFD2A
:10495000002003F009FD002003F006FD002003F015
:1049600003FD002003F000FD002003F0FDFC00200B
:1049700003F0FAFCE02000904FF080708D49086150
:1049800040000861BDF800008B4908604FF400004A
:1049900088490861802008618000086100BF1620F6
:1049A00003F0E2FC002003F0DFFC1C2003F0DCFC41
:1049B000002003F0D9FC212003F0D6FC002003F0F6
:1049C000D3FC362003F0D0FC002003F0CDFC4620C1
:1049D00003F0CAFC002003F0C7FC522003F0C4FC23
:1049E000002003F0C1FC642003F0BEFC002003F0B3
:1049F000BBFC7A2003F0B8FC002003F0B5FC8B2050
:104A000003F0B2FC002003F0AFFC992003F0ACFCF3
:104A1000002003F0A9FCA82003F0A6FC002003F06E
:104A2000A3FCB92003F0A0FC002003F09DFCC420EF
:104A300003F09AFC002003F097FCCA2003F094FCDA
:104A4000002003F091FCD22003F08EFC002003F044
:104A50008BFCD92003F088FC002003F085FCE020CB
:104A600003F082FC002003F07FFCF32003F07CFCC9
:104A7000002003F079FCE12000904FF080704D4958
:104A8000086140000861BDF800004B4908604FF420
:104A9000000048490861802008618000086100BF6B
:104AA000162003F061FC002003F05EFC1C2003F0E4
:104AB0005BFC002003F058FC222003F055FC002092
:104AC00003F052FC362003F04FFC002003F04CFCB6
:104AD000452003F049FC002003F046FC522003F07F
:104AE00043FC002003F040FC642003F03DFC002068
:104AF00003F03AFC7A2003F037FC002003F034FC8A
:104B00008B2003F031FC002003F02EFC992003F0F1
:104B10002BFC002003F028FCA82003F025FC00203B
:104B200003F022FCB92003F01FFC002003F01CFC62
:104B3000C42003F019FC002003F016FCCA2003F087
:104B400013FC002003F010FCD22003F00DFC002029
:104B500003F00AFCD82003F007FC002003F004FC5B
:104B6000E02003F001FC002003F0FEFBF32003F043
:104B7000FBFB002003F0F8FBE22000904FF0807078
:104B80000C49086140000861BDF800000A4908604E
:104B90004FF4000007490861802008618000086127
:104BA00000BF052003F0E0FB002003F0DDFB0B203D
:104BB00004E00000001001400C0C014003F0D4FBA5
:104BC000002003F0D1FB1B2003F0CEFB002003F0FC
:104BD000CBFB342003F0C8FB002003F0C5FB4420CE
:104BE00003F0C2FB002003F0BFFB4F2003F0BCFB2F
:104BF000002003F0B9FB612003F0B6FB002003F0B6
:104C0000B3FB792003F0B0FB002003F0ADFB88205C
:104C100003F0AAFB002003F0A7FB972003F0A4FBFE
:104C2000002003F0A1FBA62003F09EFB002003F070
:104C30009BFBB72003F098FB002003F095FBC220FC
:104C400003F092FB002003F08FFBC72003F08CFBE6
:104C5000002003F089FBD12003F086FB002003F045
:104C600083FBD62003F080FB002003F07DFBDD20DA
:104C700003F07AFB002003F077FBF32003F074FBD2
:104C8000002003F071FBE32000904FF08070FE499C
:104C9000086140000861BDF80000FC4908604FF45D
:104CA0000000F9490861802008618000086100BFA8
:104CB000052003F059FB002003F056FB0A2003F007
:104CC00053FB002003F050FB1C2003F04DFB0020A1
:104CD00003F04AFB332003F047FB002003F044FBC2
:104CE000442003F041FB002003F03EFB502003F082
:104CF0003BFB002003F038FB622003F035FB002073
:104D000003F032FB782003F02FFB002003F02CFB94
:104D1000882003F029FB002003F026FB972003F0F6
:104D200023FB002003F020FBA62003F01DFB002046
:104D300003F01AFBB72003F017FB002003F014FB6D
:104D4000C22003F011FB002003F00EFBC72003F08C
:104D50000BFB002003F008FBD12003F005FB002033
:104D600003F002FBD52003F0FFFA002003F0FCFA69
:104D7000DD2003F0F9FA002003F0F6FAF32003F047
:104D8000F3FA002003F0F0FAE42000904FF0807076
:104D9000BD49086140000861BDF80000BB490860DA
:104DA0004FF40000B8490861802008618000086164
:104DB00000BF012003F0D8FA002003F0D5FA01204B
:104DC00003F0D2FA002003F0CFFA022003F0CCFA6D
:104DD000002003F0C9FA2A2003F0C6FA002003F0ED
:104DE000C3FA3C2003F0C0FA002003F0BDFA4B20C8
:104DF00003F0BAFA002003F0B7FA5D2003F0B4FA2A
:104E0000002003F0B1FA742003F0AEFA002003F0A2
:104E1000ABFA842003F0A8FA002003F0A5FA93204F
:104E200003F0A2FA002003F09FFAA22003F09CFAFC
:104E3000002003F099FAB32003F096FA002003F063
:104E400093FABE2003F090FA002003F08DFAC420FC
:104E500003F08AFA002003F087FACD2003F084FAE9
:104E6000002003F081FAD32003F07EFA002003F043
:104E70007BFADD2003F078FA002003F075FAF320C6
:104E800003F072FA002003F06FFAE52000904FF073
:104E900080707D49086140000861BDF800007B49D1
:104EA00008604FF4000078490861802008618000A4
:104EB000086100BF002003F057FA002003F054FA05
:104EC000002003F051FA002003F04EFA022003F014
:104ED0004BFA002003F048FA292003F045FA00209D
:104EE00003F042FA3C2003F03FFA002003F03CFAC2
:104EF0004B2003F039FA002003F036FA5D2003F06E
:104F000033FA002003F030FA742003F02DFA002069
:104F100003F02AFA842003F027FA002003F024FA91
:104F2000932003F021FA002003F01EFAA22003F0E0
:104F30001BFA002003F018FAB32003F015FA002042
:104F400003F012FABE2003F00FFA002003F00CFA6F
:104F5000C42003F009FA002003F006FACD2003F084
:104F600003FA002003F000FAD32003F0FDF900203B
:104F700003F0FAF9DC2003F0F7F9002003F0F4F96C
:104F8000F32003F0F1F9002003F0EEF9E6200090A1
:104F90004FF080703C49086140000861BDF8000096
:104FA0003A4908604FF400003749086180200861E1
:104FB0008000086100BF112003F0D6F9002003F043
:104FC000D3F9342003F0D0F9002003F0CDF95620B6
:104FD00003F0CAF9002003F0C7F9762003F0C4F902
:104FE000002003F0C1F9772003F0BEF9002003F0A0
:104FF000BBF9662003F0B8F9002003F0B5F988206A
:1050000003F0B2F9002003F0AFF9992003F0ACF9F6
:10501000002003F0A9F9BB2003F0A6F9002003F05B
:10502000A3F9992003F0A0F9002003F09DF9662070
:1050300003F09AF9002003F097F9552003F094F952
:10504000002003F091F9552003F08EF9002003F0C1
:105050008BF9452003F088F9002003F085F94320FF
:1050600003F082F9002003F07FF9442003F07CF97B
:10507000002003F079F9E72000904FF0807002499A
:1050800008614000086103E0001001400C0C014081
:10509000BDF80000FE4908604FF40000FD490861BA
:1050A000802008618000086100BF322003F05CF9B5
:1050B000002003F059F9552003F056F9002003F0C1
:1050C00053F9762003F050F9002003F04DF96620E3
:1050D00003F04AF9002003F047F9672003F044F990
:1050E000002003F041F9672003F03EF9002003F0AF
:1050F0003BF9872003F038F9002003F035F99920B7
:1051000003F032F9002003F02FF9BB2003F02CF953
:10511000002003F029F9992003F026F9002003F07C
:1051200023F9772003F020F9002003F01DF9442033
:1051300003F01AF9002003F017F9562003F014F9D0
:10514000002003F011F9232003F00EF9002003F0F2
:105150000BF9332003F008F9002003F005F945208E
:1051600003F002F9002003F0FFF8E82000904FF070
:105170008070C849086140000861BDF80000C4495A
:1051800008604FF40000C349086180200861800076
:10519000086100BF002003F0E7F8002003F0E4F806
:1051A000992003F0E1F8002003F0DEF8872003F0F7
:1051B000DBF8002003F0D8F8882003F0D5F80020B1
:1051C00003F0D2F8772003F0CFF8002003F0CCF8FA
:1051D000662003F0C9F8002003F0C6F8882003F029
:1051E000C3F8002003F0C0F8AA2003F0BDF80020A7
:1051F00003F0BAF8BB2003F0B7F8002003F0B4F8CE
:10520000992003F0B1F8002003F0AEF8662003F017
:10521000ABF8002003F0A8F8552003F0A5F8002013
:1052200003F0A2F8552003F09FF8002003F09CF84B
:10523000442003F099F8002003F096F8442003F08E
:1052400093F8002003F090F8552003F08DF800202B
:1052500003F08AF8E92000904FF080708D490861D2
:1052600040000861BDF80000894908604FF4000063
:1052700088490861802008618000086100BFAA2079
:1052800003F072F8002003F06FF8002003F06CF8D0
:10529000002003F069F8002000904FF080707D49F5
:1052A000086140000861BDF80000794908604FF4CA
:1052B000000078490861802008618000086100BF13
:1052C000AA2003F051F8CF2000904FF08070714970
:1052D000086140000861BDF800006D4908604FF4A6
:1052E00000006C490861802008618000086100BFEF
:1052F000002003F039F8002003F036F8002003F016
:1053000033F8002003F030F8002003F02DF80020DF
:1053100003F02AF8002003F027F8002003F024F817
:10532000002003F021F8002003F01EF8002003F015
:105330001BF8002003F018F8002003F015F80020F7
:1053400003F012F8002003F00FF8002003F00CF82F
:10535000002003F009F8F02000904FF080704D49D4
:10536000086140000861BDF80000494908604FF439
:10537000000048490861802008618000086100BF82
:10538000002002F0F1FF502002F0EEFF002002F0BA
:10539000EBFF002002F0E8FF002002F0E5FFF32021
:1053A00000904FF080703B49086140000861BDF8F3
:1053B0000000374908604FF400003649086180203A
:1053C00008618000086100BF002002F0CDFFF920D5
:1053D00000904FF080702F49086140000861BDF8CF
:1053E00000002B4908604FF400002A490861802022
:1053F00008618000086100BF062002F0B5FF1020A0
:1054000002F0B2FF292002F0AFFF002002F0ACFF53
:105410003A2000904FF080701E49086140000861FA
:10542000BDF800001A4908604FF4000019490861EE
:10543000802008618000086100BF552002F094FFC1
:10544000112000904FF080701249086140000861FF
:10545000BDF800000E4908604FF400000D490861D6
:10546000802008618000086100BF6420FDF774FCA3
:10547000292000904FF080700649086140000861C3
:10548000BDF80000024908604FF40000014903E044
:105490000C0C014000100140086180200861800070
:1054A000086100BF352000904FF080700861400017
:1054B0000861BDF80000364908604FF40000354926
:1054C0000861802008618000086100BF002002F0B0
:1054D0004BFF512000904FF080702E490861400032
:1054E0000861BDF800002A4908604FF4000029490E
:1054F0000861802008618000086100BFFF2002F081
:1055000033FF532000904FF0807022490861400023
:105510000861BDF800001E4908604FF400001D49F5
:105520000861802008618000086100BF2C2002F023
:105530001BFF552000904FF0807016490861400015
:105540000861BDF80000124908604FF400001149DD
:105550000861802008618000086100BF822002F09D
:1055600003FF2C2000904FF080700A490861400032
:105570000861BDF80000064908604FF400000549C5
:105580000861802008618000086100BF08BD00003C
:105590000C0C01400010014008B555214FF470403B
:1055A00002F0F6FEAA214FF2010002F0F1FE5221B4
:1055B0004FF2020002F0ECFE08214FF2030002F06D
:1055C000E7FE01214FF2040002F0E2FE0D214FF44C
:1055D000304002F0DDFE0D214BF2010002F0D8FE5A
:1055E0000D214BF2020002F0D3FE34214FF436407D
:1055F00002F0CEFE34214BF2016002F0C9FE3421EC
:105600004BF2026002F0C4FE0D214FF4314002F073
:10561000BFFE0D214BF2011002F0BAFE0D214BF23C
:10562000021002F0B5FE34214FF4374002F0B0FE14
:1056300034214BF2017002F0ABFE34214BF20270C8
:1056400002F0A6FE00214FF4324002F0A1FE00213C
:105650004BF2012002F09CFE00214BF2022002F0EE
:1056600097FE24214FF4384002F092FE24214BF69D
:10567000010002F08DFE24214BF6020002F088FEAC
:1056800001214FF43F4002F083FE0F214FF43340DD
:1056900002F07EFE0F214BF2013002F079FE0F2165
:1056A0004BF2023002F074FE34214FF4394002F024
:1056B0006FFE34214BF6011002F06AFE34214BF6E6
:1056C000021002F065FE08214FF4354002F060FE42
:1056D00008214BF2015002F05BFE08214BF2025010
:1056E00002F056FE03214FF4424002F051FE242105
:1056F0004FF43A4002F04CFE24214BF6012002F018
:1057000047FE24214BF6022002F042FE00214FF416
:105710003C4002F03DFE78214BF6014002F038FE9D
:1057200000214BF6024002F033FE00214FF43D40D1
:1057300002F02EFE78214BF6015002F029FE0021E6
:105740004BF6025002F024FE00214FF43E4002F0DE
:105750001FFE64214BF6016002F01AFE00214FF497
:10576000514002F015FE33214DF2011002F010FEFF
:1057700000214DF2021002F00BFE34214DF2031015
:1057800002F006FE00214DF2041002F001FE3A2163
:105790004DF2051002F0FCFD00214DF2061002F062
:1057A000F7FD4A214DF2071002F0F2FD00214DF203
:1057B000081002F0EDFD5C214DF2091002F0E8FD49
:1057C00000214DF20A1002F0E3FD81214DF20B1091
:1057D00002F0DEFD00214DF20C1002F0D9FDA621F1
:1057E0004DF20D1002F0D4FD00214DF20E1002F02A
:1057F000CFFDE5214DF20F1002F0CAFD01214DF25F
:10580000101002F0C5FD13214DF2111002F0C0FD81
:1058100001214DF2121002F0BBFD54214DF2131084
:1058200002F0B6FD01214DF2141002F0B1FD82210B
:105830004DF2151002F0ACFD01214DF2161002F0F0
:10584000A7FDCA214DF2171002F0A2FD02214DF270
:10585000181002F09DFD00214DF2191002F098FD84
:1058600002214DF21A1002F093FD01214DF21B109E
:1058700002F08EFD02214DF21C1002F089FD342150
:105880004DF21D1002F084FD02214DF21E1002F0B7
:105890007FFD67214DF21F1002F07AFD02214DF2CB
:1058A000201002F075FD84214DF2211002F070FDF0
:1058B00002214DF2221002F06BFDA4214DF22310C3
:1058C00002F066FD02214DF2241002F061FDB721C5
:1058D0004DF2251002F05CFD02214DF2261002F07F
:1058E00057FDCF214DF2271002F052FD02214DF25B
:1058F000281002F04DFDDE214DF2291002F048FD86
:1059000002214DF22A1002F043FDF2214DF22B103C
:1059100002F03EFD02214DF22C1002F039FDFE2175
:105920004DF22D1002F034FD03214DF22E1002F045
:105930002FFD10214DF22F1002F02AFD03214DF210
:10594000301002F025FD33214DF2311002F020FD20
:1059500003214DF2321002F01BFD6D214DF2331088
:1059600002F016FD00214FF4524002F011FD3321E8
:105970004DF2012002F00CFD00214DF2022002F058
:1059800007FD34214DF2032002F002FD00214DF20B
:10599000042002F0FDFC3A214DF2052002F0F8FC53
:1059A00000214DF2062002F0F3FC4A214DF20720BF
:1059B00002F0EEFC00214DF2082002F0E9FC5C212F
:1059C0004DF2092002F0E4FC00214DF20A2002F021
:1059D000DFFC81214DF20B2002F0DAFC00214DF2B8
:1059E0000C2002F0D5FCA6214DF20D2002F0D0FCD7
:1059F00000214DF20E2002F0CBFCE5214DF20F20EC
:105A000002F0C6FC01214DF2102002F0C1FC13216E
:105A10004DF2112002F0BCFC01214DF2122002F0E7
:105A2000B7FC54214DF2132002F0B2FC01214DF2DB
:105A3000142002F0ADFC82214DF2152002F0A8FCEA
:105A400001214DF2162002F0A3FCCA214DF21720CD
:105A500002F09EFC02214DF2182002F099FC002178
:105A60004DF2192002F094FC02214DF21A2002F0AE
:105A70008FFC01214DF21B2002F08AFC02214DF225
:105A80001C2002F085FC34214DF21D2002F080FC28
:105A900002214DF21E2002F07BFC67214DF21F20F7
:105AA00002F076FC02214DF2202002F071FC8421EC
:105AB0004DF2212002F06CFC02214DF2222002F076
:105AC00067FCA4214DF2232002F062FC02214DF27A
:105AD000242002F05DFCB7214DF2252002F058FC95
:105AE00002214DF2262002F053FCCF214DF2272057
:105AF00002F04EFC02214DF2282002F049FCDE218A
:105B00004DF2292002F044FC02214DF22A2002F03D
:105B10003FFCF2214DF22B2002F03AFC02214DF223
:105B20002C2002F035FCFE214DF22D2002F030FC3D
:105B300003214DF22E2002F02BFC10214DF22F20DC
:105B400002F026FC03214DF2302002F021FC33212B
:105B50004DF2312002F01CFC03214DF2322002F004
:105B600017FC6D214DF2332002F012FC00214FF49E
:105B7000534002F00DFC33214DF2013002F008FCDD
:105B800000214DF2023002F003FC34214DF20330CB
:105B900002F0FEFB00214DF2043002F0F9FB3A2145
:105BA0004DF2053002F0F4FB00214DF2063002F018
:105BB000EFFB4A214DF2073002F0EAFB00214DF2E3
:105BC000083002F0E5FB5C214DF2093002F0E0FB09
:105BD00000214DF20A3002F0DBFB81214DF20B3047
:105BE00002F0D6FB00214DF20C3002F0D1FBA621D1
:105BF0004DF20D3002F0CCFB00214DF20E3002F0E0
:105C0000C7FBE5214DF20F3002F0C2FB01214DF23E
:105C1000103002F0BDFB13214DF2113002F0B8FB41
:105C200001214DF2123002F0B3FB54214DF213303A
:105C300002F0AEFB01214DF2143002F0A9FB8221EB
:105C40004DF2153002F0A4FB01214DF2163002F0A6
:105C50009FFBCA214DF2173002F09AFB02214DF250
:105C6000183002F095FB00214DF2193002F090FB44
:105C700002214DF21A3002F08BFB01214DF21B3054
:105C800002F086FB02214DF21C3002F081FB342130
:105C90004DF21D3002F07CFB02214DF21E3002F06D
:105CA00077FB67214DF21F3002F072FB02214DF2AB
:105CB000203002F06DFB84214DF2213002F068FBB0
:105CC00002214DF2223002F063FBA4214DF2233079
:105CD00002F05EFB02214DF2243002F059FBB721A5
:105CE0004DF2253002F054FB02214DF2263002F035
:105CF0004FFBCF214DF2273002F04AFB02214DF23B
:105D0000283002F045FBDE214DF2293002F040FB45
:105D100002214DF22A3002F03BFBF2214DF22B30F2
:105D200002F036FB02214DF22C3002F031FBFE2155
:105D30004DF22D3002F02CFB03214DF22E3002F0FB
:105D400027FB10214DF22F3002F022FB03214DF2F0
:105D5000303002F01DFB33214DF2313002F018FBE0
:105D600003214DF2323002F013FB6D214DF233303E
:105D700002F00EFB00214FF4544002F009FB3321E6
:105D80004DF2014002F004FB00214DF2024002F00E
:105D9000FFFA34214DF2034002F0FAFA00214DF2ED
:105DA000044002F0F5FA3A214DF2054002F0F0FA13
:105DB00000214DF2064002F0EBFA4A214DF2074075
:105DC00002F0E6FA00214DF2084002F0E1FA5C210F
:105DD0004DF2094002F0DCFA00214DF20A4002F0D7
:105DE000D7FA81214DF20B4002F0D2FA00214DF298
:105DF0000C4002F0CDFAA6214DF20D4002F0C8FA97
:105E000000214DF20E4002F0C3FAE5214DF20F40A1
:105E100002F0BEFA01214DF2104002F0B9FA13214E
:105E20004DF2114002F0B4FA01214DF2124002F09D
:105E3000AFFA54214DF2134002F0AAFA01214DF2BB
:105E4000144002F0A5FA82214DF2154002F0A0FAAA
:105E500001214DF2164002F09BFACA214DF2174083
:105E600002F096FA02214DF2184002F091FA002158
:105E70004DF2194002F08CFA02214DF21A4002F064
:105E800087FA01214DF21B4002F082FA02214DF205
:105E90001C4002F07DFA34214DF21D4002F078FAE8
:105EA00002214DF21E4002F073FA67214DF21F40AD
:105EB00002F06EFA02214DF2204002F069FA8421CC
:105EC0004DF2214002F064FA02214DF2224002F02C
:105ED0005FFAA4214DF2234002F05AFA02214DF25A
:105EE000244002F055FAB7214DF2254002F050FA55
:105EF00002214DF2264002F04BFACF214DF227400D
:105F000002F046FA02214DF2284002F041FADE2169
:105F10004DF2294002F03CFA02214DF22A4002F0F3
:105F200037FAF2214DF22B4002F032FA02214DF203
:105F30002C4002F02DFAFE214DF22D4002F028FAFD
:105F400003214DF22E4002F023FA10214DF22F4092
:105F500002F01EFA03214DF2304002F019FA33210B
:105F60004DF2314002F014FA03214DF2324002F0BA
:105F70000FFA6D214DF2334002F00AFA00214FF47E
:105F8000554002F005FA33214DF2015002F000FABB
:105F900000214DF2025002F0FBF934214DF2035082
:105FA00002F0F6F900214DF2045002F0F1F93A2125
:105FB0004DF2055002F0ECF900214DF2065002F0CE
:105FC000E7F94A214DF2075002F0E2F900214DF2C3
:105FD000085002F0DDF95C214DF2095002F0D8F9C9
:105FE00000214DF20A5002F0D3F981214DF20B50FD
:105FF00002F0CEF900214DF20C5002F0C9F9A621B1
:106000004DF20D5002F0C4F900214DF20E5002F095
:10601000BFF9E5214DF20F5002F0BAF901214DF21E
:10602000105002F0B5F913214DF2115002F0B0F901
:1060300001214DF2125002F0ABF954214DF21350F0
:1060400002F0A6F901214DF2145002F0A1F98221CB
:106050004DF2155002F09CF901214DF2165002F05C
:1060600097F9CA214DF2175002F092F902214DF230
:10607000185002F08DF900214DF2195002F088F904
:1060800002214DF21A5002F083F901214DF21B500A
:1060900002F07EF902214DF21C5002F079F9342110
:1060A0004DF21D5002F074F902214DF21E5002F023
:1060B0006FF967214DF21F5002F06AF902214DF28B
:1060C000205002F065F984214DF2215002F060F970
:1060D00002214DF2225002F05BF9A4214DF223502F
:1060E00002F056F902214DF2245002F051F9B72185
:1060F0004DF2255002F04CF902214DF2265002F0EB
:1061000047F9CF214DF2275002F042F902214DF21A
:10611000285002F03DF9DE214DF2295002F038F905
:1061200002214DF22A5002F033F9F2214DF22B50A8
:1061300002F02EF902214DF22C5002F029F9FE2135
:106140004DF22D5002F024F903214DF22E5002F0B1
:106150001FF910214DF22F5002F01AF903214DF2D0
:10616000305002F015F933214DF2315002F010F9A0
:1061700003214DF2325002F00BF96D214DF23350F4
:1061800002F006F900214FF4564002F001F93321E4
:106190004DF2016002F0FCF800214DF2026002F0C5
:1061A000F7F834214DF2036002F0F2F800214DF2CD
:1061B000046002F0EDF83A214DF2056002F0E8F8D3
:1061C00000214DF2066002F0E3F84A214DF207602B
:1061D00002F0DEF800214DF2086002F0D9F85C21EF
:1061E0004DF2096002F0D4F800214DF20A6002F08D
:1061F000CFF881214DF20B6002F0CAF800214DF278
:106200000C6002F0C5F8A6214DF20D6002F0C0F856
:1062100000214DF20E6002F0BBF8E5214DF20F6057
:1062200002F0B6F801214DF2106002F0B1F813212E
:106230004DF2116002F0ACF801214DF2126002F053
:10624000A7F854214DF2136002F0A2F801214DF29B
:10625000146002F09DF882214DF2156002F098F86A
:1062600001214DF2166002F093F8CA214DF2176039
:1062700002F08EF802214DF2186002F089F8002138
:106280004DF2196002F084F802214DF21A6002F01A
:106290007FF801214DF21B6002F07AF802214DF2E5
:1062A0001C6002F075F834214DF21D6002F070F8A8
:1062B00002214DF21E6002F06BF867214DF21F6063
:1062C00002F066F802214DF2206002F061F88421AC
:1062D0004DF2216002F05CF802214DF2226002F0E2
:1062E00057F8A4214DF2236002F052F802214DF23A
:1062F000246002F04DF8B7214DF2256002F048F815
:1063000002214DF2266002F043F8CF214DF22760C2
:1063100002F03EF802214DF2286002F039F8DE2149
:106320004DF2296002F034F802214DF22A6002F0A9
:106330002FF8F2214DF22B6002F02AF802214DF2E3
:106340002C6002F025F8FE214DF22D6002F020F8BD
:1063500003214DF22E6002F01BF810214DF22F6048
:1063600002F016F803214DF2306002F011F83321EB
:106370004DF2316002F00CF803214DF2326002F070
:1063800007F86D214DF2336002F002F855214FF409
:10639000704001F0FDFFAA214FF2010001F0F8FF6B
:1063A00052214FF2020001F0F3FF08214FF20300E7
:1063B00001F0EEFF00214FF2040001F0E9FFCC21D3
:1063C0004FF4314001F0E4FF00214BF2011001F0E5
:1063D000DFFF05214FF4364001F0DAFF70214FF462
:1063E000374001F0D5FF70214BF2017001F0D0FF72
:1063F00001214FF4384001F0CBFF03214BF601009F
:1064000001F0C6FF03214BF6020001F0C1FF03219A
:106410004BF6030001F0BCFF02214FF43C4001F0B9
:10642000B7FF00214BF6014001F0B2FF00214BF60F
:10643000024001F0ADFFD0214FF4494001F0A8FF28
:1064400002214CF6011001F0A3FF50214CF602107E
:1064500001F09EFF50214CF6031001F099FF5021EE
:106460004CF6041001F094FF00214FF4545001F059
:106470008FFF55214FF4685001F08AFF4FF4885088
:1064800000904FF080701549086140000861BDF828
:106490000000134908604FF4000010490861802093
:1064A00008618000086100BF7820FCF771FC4FF4A0
:1064B000245000904FF08070084908614000086146
:1064C000BDF80000064908604FF400000349086168
:1064D000802008618000086100BF08BD00100140F5
:1064E0000C0C014008B5E22000904FF08070D649B6
:1064F000086140000861BDF80000D44908604FF40D
:106500000000D1490861802008618000086100BF57
:106510001D2001F029FF022001F026FF042001F0D8
:1065200023FF6420FCF734FCE02000904FF08070E3
:10653000C549086140000861BDF80000C349086012
:106540004FF40000C04908618020086180000861A4
:1065500000BF012001F008FF0A20FCF7FDFBE0204E
:1065600000904FF08070B849086140000861BDF8A4
:106570000000B64908604FF40000B349086180206C
:1065800008618000086100BF032001F0EDFE0C20CF
:10659000FCF7E2FB012000900006AB4908614000D7
:1065A0000861BDF80000A94908604FF40000A64941
:1065B0000861802008618000086100BF0A20FCF7A4
:1065C000CBFBE62000904FF080709F4908614000AF
:1065D0000861BDF800009D4908604FF400009A4929
:1065E0000861802008618000086100BF2F2001F051
:1065F000BBFEFF2001F0B8FEFF2001F0B5FEB02089
:1066000000904FF080709049086140000861BDF82B
:1066100000008E4908604FF400008B49086180201B
:1066200008618000086100BF202001F09DFE00206D
:1066300001F09AFE032001F097FE40F21F3001F0B6
:1066400093FE012001F090FE40F2DF1001F08CFE7D
:10665000002001F089FEB42000904FF080707A494C
:10666000086140000861BDF80000784908604FF4F7
:10667000000075490861802008618000086100BF42
:10668000042001F071FE40F21F4001F06DFE002079
:1066900001F06AFE2E2001F067FE002001F064FE8A
:1066A000002001F061FE002001F05EFE002001F0FC
:1066B0005BFEB62000904FF0807063490861400097
:1066C0000861BDF80000614908604FF400005E49B0
:1066D0000861802008618000086100BF022001F08D
:1066E00043FE4FF4037001F03FFE002001F03CFE3A
:1066F000172001F039FE152001F036FE002001F0D0
:1067000033FE002001F030FEF02000904FF080704A
:106710004D49086140000861BDF800004B49086020
:106720004FF400004849086180200861800008613A
:1067300000BF032001F018FE292000904FF0807068
:106740004149086140000861BDF800003F49086008
:106750004FF400003C490861802008618000086116
:1067600000BFD02000904FF08070086140000861A9
:10677000BDF80000354908604FF400003249086157
:10678000802008618000086100BF002001F0ECFD5E
:10679000BE2000904FF080702B49086140000861D6
:1067A000BDF80000294908604FF40000264908613F
:1067B000802008618000086100BF052001F0D4FD41
:1067C000FE2001F0D1FD012001F0CEFD002001F0FE
:1067D000CBFD002001F0C8FD002001F0C5FDB82070
:1067E00000904FF080701849086140000861BDF8C2
:1067F0000000164908604FF400001349086180202A
:1068000008618000086100BF032001F0ADFD012098
:1068100001F0AAFDBA2000904FF080700A4908618B
:1068200040000861BDF80000084908604FF400000E
:1068300005490861802008618000086100BF0120CF
:1068400001F092FD08BD0000001001400C0C014059
:1068500008B5112000904FF08070FE49086140009B
:106860000861BDF80000FC4908604FF40000F949D8
:106870000861802008618000086100BF7820FCF773
:106880006BFA362000904FF08070F24908614000AA
:106890000861BDF80000F04908604FF40000ED49C0
:1068A0000861802008618000086100BF002001F0BD
:1068B0005BFD3A2000904FF08070E649086140008F
:1068C0000861BDF80000E44908604FF40000E149A8
:1068D0000861802008618000086100BF052001F088
:1068E00043FDB22000904FF08070DA49086140000B
:1068F0000861BDF80000D84908604FF40000D54990
:106900000861802008618000086100BF0C2001F050
:106910002BFD0C2001F028FD002001F025FD332087
:1069200001F022FD332001F01FFDB72000904FF051
:106930008070C849086140000861BDF80000C64980
:1069400008604FF40000C34908618020086180009E
:10695000086100BF352001F007FDBB2000904FF01B
:106960008070BC49086140000861BDF80000BA4968
:1069700008604FF40000B74908618020086180007A
:10698000086100BF322001F0EFFCC02000904FF002
:106990008070B049086140000861BDF80000AE4950
:1069A00008604FF40000AB49086180200861800056
:1069B000086100BF0C2001F0D7FCC22000904FF00E
:1069C0008070A449086140000861BDF80000A24938
:1069D00008604FF400009F49086180200861800032
:1069E000086100BF012001F0BFFCC32000904FF000
:1069F00080709849086140000861BDF80000964920
:106A000008604FF40000934908618020086180000D
:106A1000086100BF102001F0A7FCC42000904FF0D7
:106A200080708C49086140000861BDF800008A4907
:106A300008604FF4000087490861802008618000E9
:106A4000086100BF202001F08FFCC62000904FF0AD
:106A500080708049086140000861BDF800007E49EF
:106A600008604FF400007B490861802008618000C5
:106A7000086100BF0F2001F077FCD02000904FF09C
:106A800080707449086140000861BDF800007249D7
:106A900008604FF400006F490861802008618000A1
:106AA000086100BFA42001F05FFCA12001F05CFCA4
:106AB000E02000904FF08070664908614000086156
:106AC000BDF80000644908604FF4000061490861A6
:106AD000802008618000086100BFD02001F044FCE4
:106AE000002001F041FC022001F03EFC072001F0F3
:106AF0003BFC0A2001F038FC282001F035FC322054
:106B000001F032FC442001F02FFC422001F02CFC6B
:106B1000062001F029FC0E2001F026FC122001F0D5
:106B200023FC142001F020FC172001F01DFCE120C3
:106B300000904FF080704749086140000861BDF83F
:106B40000000454908604FF4000042490861802078
:106B500008618000086100BFD02001F005FC002022
:106B600001F002FC022001F0FFFB072001F0FCFB1A
:106B70000A2001F0F9FB282001F0F6FB312001F09A
:106B8000F3FB542001F0F0FB472001F0EDFB0E2059
:106B900001F0EAFB1C2001F0E7FB172001F0E4FB09
:106BA0001B2001F0E1FB1E2001F0DEFB2A200090FB
:106BB0004FF080702749086140000861BDF800006F
:106BC000254908604FF400002249086180200861CF
:106BD0008000086100BF002001F0C6FB002001F02A
:106BE000C3FB002001F0C0FBEF2001F0BDFB2B2018
:106BF00000904FF080701749086140000861BDF8AF
:106C00000000154908604FF4000012490861802017
:106C100008618000086100BF002001F0A5FB002092
:106C200001F0A2FB012001F09FFB3F2001F09CFB43
:106C3000292000904FF080700649086140000861EB
:106C4000BDF80000044908604FF4000001490861E4
:106C5000802003E0001001400C0C0140086180001E
:106C6000086100BF08BD000008B5112000904FF07A
:106C70008070FE49086140000861BDF80000FC49D1
:106C800008604FF40000F949086180200861800025
:106C9000086100BF7820FCF75FF8362000904FF0C5
:106CA0008070F249086140000861BDF80000F049B9
:106CB00008604FF40000ED49086180200861800001
:106CC000086100BF482001F04FFB3A2000904FF0D0
:106CD0008070E649086140000861BDF80000E449A1
:106CE00008604FF40000E1490861802008618000DD
:106CF000086100BF552001F037FBF02000904FF0F5
:106D00008070DA49086140000861BDF80000D84988
:106D100008604FF40000D5490861802008618000B8
:106D2000086100BFC32001F01FFBF02000904FF06E
:106D30008070CE49086140000861BDF80000CC4970
:106D400008604FF40000C949086180200861800094
:106D5000086100BF962001F007FBB42000904FF0BF
:106D60008070C249086140000861BDF80000C04958
:106D700008604FF40000BD49086180200861800070
:106D8000086100BF012001F0EFFAB62000904FF03B
:106D90008070B649086140000861BDF80000B44940
:106DA00008604FF40000B14908618020086180004C
:106DB000086100BF0A2001F0D7FAA22001F0D4FA3E
:106DC000B72000904FF08070A8490861400008612A
:106DD000BDF80000A64908604FF40000A34908610F
:106DE000802008618000086100BFC62001F0BCFA65
:106DF000B92000904FF080709C4908614000086104
:106E0000BDF800009A4908604FF4000097490861F6
:106E1000802008618000086100BF022001F0A4FA10
:106E2000E02001F0A1FAC02000904FF080708F495F
:106E3000086140000861BDF800008D4908604FF40A
:106E400000008A490861802008618000086100BF55
:106E5000802001F089FA162001F086FAC120009006
:106E60004FF080708149086140000861BDF8000062
:106E70007F4908604FF400007C4908618020086168
:106E80008000086100BF192001F06EFAC220009056
:106E90004FF080707549086140000861BDF800003E
:106EA000734908604FF40000704908618020086150
:106EB0008000086100BFA72001F056FAC5200090AD
:106EC0004FF080706949086140000861BDF800001A
:106ED000674908604FF40000644908618020086138
:106EE0008000086100BF162001F03EFAE820009003
:106EF0004FF080705D49086140000861BDF80000F6
:106F00005B4908604FF4000058490861802008611F
:106F10008000086100BF402001F026FA8A2001F0BD
:106F200023FA002001F020FA002001F01DFA2920A8
:106F300001F01AFA192001F017FAA52001F014FA4D
:106F4000332001F011FAE02000904FF080704749A3
:106F5000086140000861BDF80000454908604FF431
:106F6000000042490861802008618000086100BF7C
:106F7000F02001F0F9F9072001F0F6F90D2001F0F9
:106F8000F3F9042001F0F0F9052001F0EDF91420E7
:106F900001F0EAF9362001F0E7F9542001F0E4F9B4
:106FA0004C2001F0E1F9382001F0DEF9132001F066
:106FB000DBF9142001F0D8F92E2001F0D5F93420A6
:106FC00001F0D2F9E12000904FF08070274908616C
:106FD00040000861BDF80000254908604FF400003A
:106FE00022490861802008618000086100BFF0200C
:106FF00001F0BAF9102001F0B7F9142001F0B4F94A
:107000000E2001F0B1F90C2001F0AEF9082001F0DA
:10701000ABF9352001F0A8F9442001F0A5F94C2086
:1070200001F0A2F9262001F09FF9102001F09CF94F
:10703000122001F099F92C2001F096F9322001F08C
:1070400093F9F02000904FF08070084908614000EB
:107050000861BDF80000064908604FF400000349CC
:107060000861802008618000086103E00010014091
:107070000C0C014000BF3C2001F076F9F02000909C
:107080004FF080702049086140000861BDF80000A1
:107090001E4908604FF400001B4908618020086108
:1070A0008000086100BF692001F05EF97820FBF7DD
:1070B00053FE212000904FF080701349086140007A
:1070C0000861BDF80000114908604FF400000E4946
:1070D0000861802008618000086100BF29200090BD
:1070E0004FF08070086140000861BDF8000007495A
:1070F00008604FF4000004490861802008618000A6
:10710000086100BF08BD0000001001400C0C0140E8
:1071100000B585B000BF00BFFE48806940F0100098
:10712000FC4988610846806900F01000009000BFAB
:1071300000BF00BF00BF00BF0846806940F01000DC
:1071400088610846806900F01000009000BF00BF11
:1071500000BF00BF00BF0846806940F01000886192
:107160000846806900F01000009000BF00BF00BF1B
:1071700000BF00BF0846806940F0100088610846E3
:10718000806900F01000009000BF00BF00BF00BF8A
:1071900000BF0846806940F0100088610846806999
:1071A00000F01000009000BF00BF00BF00BF00BF94
:1071B0000846806940F0080088610846806900F050
:1071C0000800009000BF00BF00BF00BF08468069F4
:1071D00040F0010088610846806900F001000090DD
:1071E00000BF00BF00BFCC49486820F0E06040F01D
:1071F0000070486000BF08150190012002900390C4
:107200000320049001A9C548FAF7A2F94FF40070D1
:1072100001900120029003900320049001A9BF482F
:10722000FAF796F98020019001A9BC48FAF790F985
:107230004020019001A9B948FAF78AF94FF480700B
:10724000019001A9B548FAF783F94FF6FF70019054
:107250000120029001A9B248FAF77AF98020AF49DB
:10726000086140200861C0000861401008614FF6C5
:10727000FF70AB490C310860AA4800F021FAD32016
:1072800000904FF08070A549086140000861BDF88A
:107290000000A3490C3108604FF400009F490861C9
:1072A000802008618000086100BF00F00FFA9E494D
:1072B000888000F00BFA9C49888000F007FA9A4910
:1072C0008880084680884FF6FF7101EA00209649C1
:1072D000888000F0FBF994498988084392498880A6
:1072E0000846808849F2413188427DD004200090D0
:1072F00080058A49086140000861BDF8000088499E
:107300000C3108604FF40000844908618020086156
:107310008000086100BF00F0D9F98349888000F03F
:10732000D5F98149888000F0D1F97F4988800846E5
:1073300080884FF6FF7101EA00207B49888000F0C9
:10734000C5F9794989880843774988800846808843
:1073500048F25251884203D147F2897072498880BD
:107360007148808847F289718842BED0D42000904D
:107370004FF080706949086140000861BDF8000065
:1073800067490C3108604FF40000644908618020AF
:1073900008618000086100BF00F098F962498880A8
:1073A00000F094F96049888000F090F95E49888087
:1073B000084680884FF6FF7101EA00205A4988800C
:1073C00000F084F95849898808435749888008465D
:1073D000808845F21031884287D0D32000904FF04A
:1073E00080704E49086100E00BE140000861BDF883
:1073F00000004B490C3108604FF400004749086118
:10740000802008618000086100BF00F05FF94649F4
:10741000888000F05BF94449888000F057F94249C0
:107420008880084680884FF6FF7101EA00203E49B7
:10743000888000F04BF93C49898808433A498880A4
:107440000846808847F2967188428ED055214FF4C5
:10745000704000F09DFFAA214FF2010000F098FF5C
:1074600052214FF2020000F093FF08214FF2030077
:1074700000F08EFF01214FF2040000F089FF4FF46D
:10748000454000904FF08070244908614000086139
:10749000BDF8000022490C3108604FF400001F497C
:1074A0000861802008618000086100BF00F00EF9CB
:1074B0001D498880084680884FF6FF7101EA002048
:1074C000194988804CF20150009000061349086168
:1074D00040000861BDF8000011490C3108604FF40C
:1074E00000000E490861802008618000086100BF2B
:1074F00000F0ECF80C49898808430B498880052086
:10750000FBF72AFC0848808845F21051884278D061
:10751000D3200BE0001002400000014000100140A9
:10752000000C0140FFFF01004001002000904FF0DF
:1075300080705D49086140000861BDF800005B494A
:1075400008604FF4000058490861802008618000FD
:10755000086100BF00F0BAF85549888000F0B6F81D
:107560005349888000F0B2F85149888008468088E5
:107570004FF6FF7101EA00204D49888000F0A6F81F
:107580004B49898808434A4988800846808849F6DB
:107590000601884235D0A12000904FF0807042490A
:1075A000086140000861BDF80000404908604FF4E0
:1075B00000003D490861802008618000086100BF2B
:1075C00000F084F83A49888000F080F838498880D3
:1075D000084680884FF6FF7101EA00203449888010
:1075E00000F074F832498988084331498880084698
:1075F000808845F26171884203D141F663102C49BD
:1076000088802B4881882BA0F8F712FE28488088B4
:1076100047F28971884202D1FFF71AF937E024480E
:10762000808849F24131884202D1FBF7A5FE2EE065
:107630001F48808845F21031884202D1FCF7A2FC35
:1076400025E01B48808847F29671884202D1FFF7F7
:107650000BFB1CE01648808845F21051884202D18D
:10766000FDF79AFF13E01248808849F60601884228
:1076700002D1FCF72DF90AE00D48808841F663112C
:10768000884204D1FEF72EFF642000F0E9FD0020BF
:10769000FBF788FD4FF48060034908614FF6FF70E7
:1076A000FBF740FD05B000BD001001400C0C01408F
:1076B000400100204C43442049443A25780D0A00FB
:1076C00000BF011EA0F10100FBD1704700B585B0DD
:1076D0004FF6FF70009000200190012002900320DF
:1076E000039069461348F9F733FF4FF4807012494D
:1076F000086140040861C01008610220FFF7E0FF44
:107700000C480830006880B2049040200A490861A3
:10771000C00008614FF6FF700090012001900290B8
:107720000320039069460348F9F712FFBDF81000E3
:1077300005B000BD000C014000100140F8B5054641
:1077400000240027FE488079012805D1FC48808864
:1077500041F66311884208D1F9488079F0B9F848B8
:10776000808841F66311884218D1082D15D2DFE8D0
:1077700005F00406080A0C0E101206250DE0072578
:107780000BE0042509E0052507E0012505E00025BB
:1077900003E0032501E0022500BF00BF082D1CD235
:1077A000DFE805F00406090C0F12151800BF14E0FD
:1077B00044F0800411E044F040040EE044F0C004C2
:1077C0000BE044F0200408E044F0600405E044F0DD
:1077D000A00402E044F0E00400BF00BF3627D84810
:1077E000808845F21051884200D13F02D4488088F9
:1077F00049F2413188420BD0D148808847F28971E3
:10780000884205D0CE48808847F29671884201D1DF
:1078100044F008042146384600F0BAFDC848808884
:1078200041F6631188421DD004F0200068B1C448BD
:107830000088C3494988884214DAC14806884088CC
:10784000BF490880084646800CE0BD480088BC4916
:107850004988884206DDBA4806884088B8490880C9
:1078600008464680B648808845F2105188427DD14E
:10787000B348408900904FF08070B24908614000E1
:107880000861BDF80000B04908604FF40000AD4940
:107890000861802008618000086100BF4010086115
:1078A000400408610020A84908604FF40000A54981
:1078B00008618020086180000861A1484089401C5F
:1078C00080B200904FF08070086140000861BDF800
:1078D00000009D4908604FF400009A49086180202B
:1078E00008618000086100BF401008614004086121
:1078F0000020954908604FF40000924908618020FB
:107900000861800008618E484089801C80B2009028
:107910004FF08070086140000861BDF800008A499E
:1079200008604FF4000087490861802008618000EA
:10793000086100BF40100861400408618048008869
:10794000401E0012804908604FF400007D49086124
:10795000802008618000086179484089C01C80B29D
:1079600000904FF080700861400000E0BCE00861CA
:10797000BDF80000744908604FF4000071490861C7
:10798000802008618000086100BF40100861400449
:1079900008616B480078401EC0B26B4908604FF424
:1079A000000068490861802008618000086164481F
:1079B000808900904FF08070086140000861BDF838
:1079C0000000614908604FF400005E4908618020B2
:1079D00008618000086100BF401008614004086130
:1079E0000020594908604FF4000056490861802082
:1079F00008618000086152488089401C80B2009074
:107A00004FF08070086140000861BDF800004E49E9
:107A100008604FF400004B49086180200861800035
:107A2000086100BF40100861400408610020464919
:107A300008604FF40000434908618020086180001D
:107A400008613F488089801C80B200904FF08070B0
:107A5000086140000861BDF800003B4908604FF430
:107A6000000038490861802008618000086100BF7B
:107A7000401008614004086131484088401E0012EF
:107A8000314908604FF400002E49086180200861E8
:107A9000800008612A488089C01C80B200904FF0A5
:107AA0008070086140000861BDF800002649086048
:107AB0004FF40000234908618020086180000861BC
:107AC00000BF40100861400408611D488078401ED6
:107AD000C0B21D4908604FF400001A4908618020B7
:107AE000086180000861B5E01548408900904FF0BA
:107AF00080701449086140000861BDF80000124917
:107B000008604FF400000F49086180200861800080
:107B1000086100BF401008614004086100200A4964
:107B200008604FF400000749086180200861800068
:107B3000086140100861400408610020024905E026
:107B400040010020001001400C0C014008604FF47F
:107B500000004149086180200861800008614010F0
:107B60000861400408613D480088401E00123C49FD
:107B700008604FF4000038490861802008618000E7
:107B80000861401008614004086134480078401ED4
:107B9000C0B2334908604FF400002F4908618020CB
:107BA0000861800008612D48808900904FF0807046
:107BB000086140000861BDF80000294908604FF4E1
:107BC000000025490861802008618000086100BF2D
:107BD00040100861400408610020214908604FF40A
:107BE00000001D4908618020086180000861401084
:107BF0000861400408610020194908604FF4000042
:107C00001549086180200861800008614010086102
:107C10004004086111484088401E00121049086065
:107C20004FF400000C490861802008618000086161
:107C3000401008614004086108488078401EC0B2C6
:107C4000074908604FF4000003490861802008617B
:107C500080000861F8BD00000010014040010020D4
:107C60000C0C014008B5FE4A928841F663139A4213
:107C70007ED1FB4A9279002A57D1F94A1288521EC6
:107C8000121A90B2F64A528900924FF08072F54B68
:107C90001A6152001A61BDF80020F34B1A604FF4CC
:107CA0000002F04B1A6180221A6192001A6100BF33
:107CB00052101A6152041A610022EB4B1A604FF401
:107CC0000002E84B1A6180221A6192001A61521078
:107CD0001A6152041A610022E34B1A604FF4000249
:107CE000E04B1A6180221A6192001A6152101A61E7
:107CF00052041A610212DC4B1A604FF40002D94B95
:107D00001A6180221A6192001A6152101A6152049B
:107D10001A61C2B2D44B1A604FF40002D14B1A61FF
:107D200080221A6192001A6159E0CD4A528900926C
:107D30004FF08072CB4B1A6152001A61BDF80020DF
:107D4000C94B1A604FF40002C64B1A6180221A61B7
:107D500092001A6100BF52101A6152041A61021295
:107D6000C14B1A604FF40002BE4B1A61802200E042
:107D70008EE01A6192001A6152101A6152041A615F
:107D8000C2B2B94B1A604FF40002B64B1A6180229E
:107D90001A6192001A6152101A6152041A61B04AB3
:107DA0001288521E1212B04B1A604FF40002AD4BF3
:107DB0001A6180221A6192001A6152101A615204EB
:107DC0001A61A74A1278521ED2B2A74B1A604FF41A
:107DD0000002A44B1A6180221A6192001A61A04A23
:107DE000928900924FF080729E4B1A6152001A6184
:107DF000BDF800209C4B1A604FF40002994B1A61A9
:107E000080221A6192001A6100BF52101A61520456
:107E10001A610A12944B1A604FF40002914B1A61D6
:107E200080221A6192001A6152101A6152041A617A
:107E3000CAB28D4B1A604FF400028A4B1A6180223D
:107E40001A6192001A6152101A6152041A61844A2E
:107E50005288521E1212844B1A604FF40002814B5A
:107E60001A6180221A6192001A6152101A6152043A
:107E70001A617B4A9278521ED2B27B4B1A604FF441
:107E80000002784B1A6180221A6192001A610BE19C
:107E9000734A928845F210539A427DD1704A5289B2
:107EA00000924FF080726F4B1A6152001A61BDF858
:107EB00000206D4B1A604FF400026A4B1A61802259
:107EC0001A6192001A6100BF52101A6152041A61BD
:107ED0000212654B1A604FF40002624B1A61802255
:107EE0001A6192001A615E4A5289521C92B2009243
:107EF0004FF080721A6152001A61BDF800205A4B8F
:107F00001A604FF40002574B1A6180221A619200E6
:107F10001A6100BF52101A6152041A61C2B2524B68
:107F20001A604FF400024F4B1A6180221A619200CE
:107F30001A614B4A928900924FF080721A61520086
:107F40001A61BDF80020484B1A604FF40002454BFF
:107F50001A6180221A6192001A6100BF52101A61E0
:107F600052041A610A12404B1A604FF400023D4B52
:107F70001A6180221A6192001A61394A9289521C50
:107F800092B200924FF080721A6152001A61BDF8ED
:107F90000020354B1A6000E018E04FF40002314B2E
:107FA0001A6180221A6192001A6100BF52101A6190
:107FB00052041A61CAB22C4B1A604FF40002294BCA
:107FC0001A6180221A6192001A616DE0244A528976
:107FD00000924FF08072234B1A6152001A61BDF873
:107FE0000020214B1A604FF400021E4B1A618022C0
:107FF0001A6192001A6100BF52101A6152041A618C
:108000000212194B1A604FF40002164B1A618022BB
:108010001A6192001A6152101A6152041A61C2B2B6
:10802000114B1A604FF400020E4B1A6180221A6144
:1080300092001A610A4A928900924FF080721A6186
:1080400052001A61BDF80020074B1A604FF400027D
:10805000044B1A6180221A6192001A6100BF05E088
:1080600040010020001001400C0C014052101A6128
:1080700052041A610A120D4B1A604FF400020C4BA5
:108080001A6180221A6192001A6152101A61520418
:108090001A61CAB2054B1A604FF40002044B1A6110
:1080A00080221A6192001A6108BD00000C0C014088
:1080B000001001402DE9FC4F80460E4615461C4637
:1080C000B3460020019000902046E31704EB537361
:1080D000DB1021464FEAE47C04EB5C7C4FEAEC0CBD
:1080E000A4EBCC0CBCF1000F02D04FF0010C01E06E
:1080F0004FF0000C6344224604EBD27C4FEA6C0C38
:1081000003FB0CF3DBB20193A5F12000C5B20C2CEC
:1081100006D0102C0BD0182C0ED0202C18D112E029
:1081200005EB45002D4901EB8000009012E02C4842
:1081300000EB051000900DE005EBC500294901EBAF
:108140008000009006E0284800EB8510009001E0D8
:10815000BDE8FC8F00BF00273AE0009810F80790B8
:108160004FF0000A2EE009F0800028B13146404669
:108170000C9AFBF7CDF807E00B9828B91B4831465D
:1081800002684046FBF7C4F84FEA49604FEA1069BD
:10819000701C86B216484088B04200DCD8E7A6EBD7
:1081A0000B00A0420AD15E4608F101001FFA80F8D8
:1081B0000F480088404500DCCAE706E00AF10100EC
:1081C00000F0FF0ABAF1080FCDDB00BF781CC7B280
:1081D00001988742C1DB00BFBAE70000E2930008C4
:1081E00056980008469E0008A2AB00082000002018
:1081F000400100202DE9FC4F04460D46904699466B
:10820000DDE90C7A0B9E04F0FF0B08EB04001FFA6B
:1082100080F809EB05001FFA80F917E0444502DBFE
:108220005C46A81985B24D4500DB15E00020CDE97C
:10823000000A3A78334629462046FFF73BFF30468E
:1082400006EBD07104EB61018CB27F1C38787E287C
:1082500002DC38782028E1DA00BFBDE8FC8F00009E
:108260002DE9F8430446BE2000904FF080703B4952
:10827000086140000861BDF80000394908604FF40A
:10828000000036490861802008618000086100BF55
:1082900040100861400408610520314908604FF42E
:1082A00000002E49086180200861800008614010AC
:1082B000086140040861204600F0CBFC05464FF001
:1082C0006632284B00F0D8FC074600F095FC2449A4
:1082D00008604FF400002149086180200861800097
:1082E0000861401008614004086101201C490860D1
:1082F000C0051A49086180200861800008614010AB
:10830000086140040861FF20154908604FF400002F
:1083100012490861802008618000086140100861EE
:108320004004086100200E4908604FF400000B492A
:1083300008618020086180000861401008614004E5
:1083400008610020064908604FF4000003490861F5
:108350008020086180000861BDE8F88300100140BA
:108360000C0C0140666604404FF48071064A1161AE
:1083700049041161054908604FF400011161802131
:108380001161890011617047001001400C0C01401F
:1083900008B500904FF080720F4B1A6152001A61BD
:1083A000BDF800200D4B1A604FF400020A4B1A6111
:1083B00080221A6192001A6100BF52101A615204A1
:1083C0001A61064A11604FF400021A6180221A6194
:1083D00092001A6108BD0000001001400C0C014021
:1083E00000B585B000BF00BF1E48806940F00400A2
:1083F0001C4988610846806900F00400009000BFB5
:1084000000BF00BF00BF00BF0846806940F02000E9
:1084100088610846806900F02000009000BF00BF1E
:1084200000BF881501900120029003900320049062
:1084300001A90D48F9F78CF80420019001A90B4817
:10844000F9F786F800BF012211020748F9F732FA5E
:1084500000BF00BF012204210448F9F72BFA00BF36
:1084600005B000BD001002400008014000140140AA
:108470007CB506460C4606236A462821304600F0A5
:10848000C8F905460DB128467CBD9DF80100208045
:108490009DF80010207801EB002000B220809DF8AC
:1084A000030060809DF80210A07801EB002000B26C
:1084B00060809DF80500A0809DF80410207901EBF4
:1084C000002000B2A0802846DEE77CB506460C46B8
:1084D00006236A462221304600F09BF905460DB17D
:1084E00028467CBD9DF8010020809DF80010207872
:1084F00001EB002000B220809DF8030060809DF811
:108500000210A07801EB002000B260809DF8050009
:10851000A0809DF80410207901EB002000B2A0801B
:108520002846DEE7F8B506460C4601236A461221C6
:10853000304600F06EF905465DB99DF8000064F321
:108540008610009001236A461221304600F000FA9E
:1085500005462846F8BD70B505460C46012322465F
:108560000F21284600F055F90646304670BDF8B593
:1085700006460C4601236A461521304600F049F9AB
:1085800005465DB99DF8000064F3061000900123D4
:108590006A461521304600F0DBF905462846F8BD4D
:1085A000F8B506460C4601236A461621304600F00F
:1085B00030F905465DB99DF8000064F300000090B5
:1085C00001236A461621304600F0C2F905462846C6
:1085D000F8BD33B583B0054601236A46132128460A
:1085E00000F017F904469DF810009DF8001060F3A4
:1085F000C301009101236A461321284600F0A8F91F
:10860000044414B1204605B030BD012302AA632101
:10861000284600F0FEF804469DF8100081089DF8F9
:10862000080061F3041002909DF81000C1089DF845
:10863000080061F345100290012302AA6321284635
:1086400000F086F904440CB12046DCE7012301AABE
:108650006F21284600F0DDF804469DF8100041081F
:108660009DF8040061F386100190012301AA6F2197
:10867000284600F06DF904442046C4E7F8B50646E4
:108680000C4601236A461721304600F0C2F8054621
:108690005DB99DF8000064F34710009001236A461D
:1086A0001721304600F054F905462846F8BDF8B5C4
:1086B00006460C4601236A461821304600F0A9F808
:1086C00005465DB99DF8000064F3C30000900123E6
:1086D0006A461821304600F03BF905462846F8BDA9
:1086E000F8B506460C4601236A461E21304600F0C6
:1086F00090F805460DB12846F8BD9DF80000217898
:1087000060F3000121709DF800004108207861F3BA
:10871000410020709DF800008108207861F38200FC
:1087200020702846E8E7000070B50446204600F0B7
:10873000F1FC0546014900F005FD70BD00008C42CA
:1087400070B50446204600F0E5FC0546014900F0FE
:10875000F9FC70BD23DB793D70B50446204600F07E
:10876000D9FC06464FF0874100F012FC054602494D
:1087700000F0ACFB70BD00000000C8412DE9FC41D9
:1087800007460C46012301AA1121384600F041F8A2
:1087900005469DF8040064F303000190012301AA3B
:1087A0001121384600F0D4F8054415B12846BDE83B
:1087B000FC81260996B101236A466221384600F001
:1087C00028F805449DF8000066F30100009001239D
:1087D0006A466221384600F0BBF805442846E6E7C1
:1087E000F8B506460C4601236A461521304600F0CE
:1087F00010F805465DB99DF8000064F30300009091
:1088000001236A461521304600F0A2F805462846A5
:10881000F8BD2DE9F04104460D4616461F461CB929
:108820004FF0FF30BDE8F0813B4632462946D4F890
:1088300004C0E068E04780464046F3E77CB5064662
:108840000C4601236A4612213046FFF7E2FF054637
:10885000012301AA19463046FFF7DBFF05440DB19D
:1088600028467CBD9DF80000C007400F9DF8001011
:10887000C90900EB41009DF80410C1F380010844D0
:1088800030B1012807D0022808D004280CD108E014
:10889000002020700BE00120207008E002202070F2
:1088A00005E00420207002E00120207000BF00BF1E
:1088B0002846D6E77CB506460C4601236A461221B7
:1088C0003046FFF7A6FF0546012301AA19463046A8
:1088D000FFF79FFF05440DB128467CBDA0089DF819
:1088E000001060F3C711009160089DF8001060F35C
:1088F000000100919DF8040064F3820001900123BF
:108900006A461221304600F023F80546012301AAE9
:108910001946304600F01CF805442846DDE7F8B556
:1089200006460C4602236A4620213046FFF771FFB7
:1089300005460DB12846F8BD9DF8010020809DF840
:108940000010207801EB002000B220802846F2E7DA
:108950002DE9F04104460D4616461F461CB94FF05E
:10896000FF30BDE8F0813B4632462946D4F800C0CE
:10897000E068E04780464046F3E72DE9FC410746C2
:108980000C46012301AA10213846FFF742FF054695
:1089900015B12846BDE8FC819DF8040064F303008E
:1089A0000190012301AA10213846FFF7D1FF0546A7
:1089B0000DB12846EEE7260996B101236A466221E9
:1089C0003846FFF726FF05449DF8000066F30100D6
:1089D000009001236A4662213846FFF7B9FF05443B
:1089E0002846D7E7F8B506460C4601236A46172104
:1089F0003046FFF70EFF05465DB99DF8000064F3B1
:108A00000100009001236A4617213046FFF7A0FFBE
:108A100005462846F8BD10B5F8F764FF4FF4E0109E
:108A200000F08CF84820FAF783F94FF4E13000F0B9
:108A3000B1F8FFF7D5FCFAF717FBFEF769FB00F07A
:108A400005F8FAF7CBF9002010BD00000EB54FF481
:108A500078401DA120221346CDE900210290DC229E
:108A60000A210846FFF7C6FB4FF4784018A11822E8
:108A70001346CDE900210290DC222F210A20FFF7C6
:108A8000B9FB4FF4784015A110221346CDE900211F
:108A90000290DC224C210A20FFF7ACFB13A0F7F771
:108AA000C7FB13A0F7F7C4FB1AA0F7F7C1FB1BA085
:108AB000F7F7BEFB1DA0F7F7BBFB0DA0F7F7B8FB60
:108AC00013A0F7F7B5FB0EBD53544D333200000031
:108AD00041544B2D4D5336445356000041544F4D95
:108AE00040414C49454E54454B0000000A000000EF
:108AF0002A2A2A2A2A2A2A2A2A2A2A2A2A2A2A2AD6
:108B00002A2A2A2A2A2A2A2A2A2A2A2A2A2A2A2AC5
:108B10000D0A000053544D33320D0A0041544B2DC1
:108B20004D53364453560D0A0000000041544F4D3A
:108B300040414C49454E54454B0D0A0030B58FB06D
:108B400005460124012005900004069000200790AE
:108B500002200C90C1030D910E9505A8F9F796F827
:108B600004460CB100BFFEE70F20009002200190E8
:108B7000002002904FF480600390002004900221B6
:108B80006846F8F74DFF04460CB100BFFEE70FB092
:108B900030BD000010B5044609480A49086008467F
:108BA000446000218160C160016181610C214161EB
:108BB000F9F778FB012204490248F9F707FC10BDD8
:108BC00000380140000100200E00002010B50029EF
:108BD0000AD00878002807D005487844F7F7D8FF6E
:108BE000002801D0002010BD0248784410BD0000CC
:108BF000663800005E3800004FEA1153A3F5806329
:108C0000D3F11E03A8BFD3F1200C08DB4FF00042C4
:108C100042EAC12252EA505232FA03F07047094246
:108C20000BD4102BC4BF0020704703F5787CBCF137
:108C3000FF3F05D04FF0FF3070474FF00000704706
:108C400070B500F0C3F800BF49922480002070473F
:108C5000F0E7B0FA80F310FA03F10AD0C3F11D0374
:108C600003F580634FEA41504FEA035202EBD121F2
:108C700070474FF000007047DFF848C170B51CEA3C
:108C8000111E1EBF1CEA13159EEA0C0F95EA0C0F6D
:108C900000F06F8081EA030423EA4C134EEAD47E8D
:108CA00021EA4C1141F4801143F48013AE44A1FB3E
:108CB000024CA0FB0365AEF17F7E361955EB0C0527
:108CC000A1FB034C4CF10003A0FB021C16EB0C06AD
:108CD000654153F10003094218BF46F0010613F441
:108CE000007F0BD14FEA03314FEA0530340341EAEC
:108CF000155140EA16506FF003020AE04FEAC32113
:108D00004FEAC520F40241EA555140EA56506FF04F
:108D1000020202EB2E4201EB025585EACE710AD027
:108D20005FEA440C18BF24F0004450F1000041F108
:108D3000000120EAD47040F2FE7C624500D270BD92
:108D4000A84214BF4FF080444FF04044002E08BFAB
:108D50000024BEF1806FA8BFA1F1C041BDE8704002
:108D600080F282804FF0000001F1C04101F000412B
:108D700070479EEA0C0F0CEA131518BF95EA0C0F0A
:108D800006D04FF0000081EA030E0EF0004170BDE6
:108D900000F01CF88900013E00F007B800F009B8A7
:108DA0004FEA430C5FEA5C5C08D081EA030100F003
:108DB0005BB84FEA410C5FEA5C5CF6D14FF0000013
:108DC000014970470000FF070000F87F0EF1020E16
:108DD0002EF0030E5EF8046B364205D4012A43EBF5
:108DE000030515F5001F12D8012841EB010C1CF5F5
:108DF000001F0CD80ED14FEAD17C15F5001F0CEBEB
:108E00004C0C0CF1020C08BF4CEBD37C04E04FF08F
:108E1000080C01E04FEAD37C0CEB4C0526FA05F672
:108E200006F00706B6F1040C06D20EEB860CBDE880
:108E300070404CF0010C6047DFE80CF0090B0202B7
:108E40004FF000414FF00000A1F5002170BD194620
:108E50001046012851EB010418BFD4F5001484BF5B
:108E6000002001F0004170BD0808A0F500114FEA94
:108E70003101704743004FEAD30C4FEA3C0C4340AA
:108E80001FBF40070CF1605113F0FE4F70471CF0FC
:108E9000006F03D100200CF0004170470CF000433C
:108EA00043EA507010B540EACC0000F0CCF900BFA6
:108EB000000000924FEA0001FFF7D6BF4FF00041DB
:108EC0004FF00000A1F500217047000090EA010F6B
:108ED00048BF81F0004100F10882421A3CBF801A6D
:108EE00089184FEAD0524FF07F4C1CEA410FA2EB99
:108EF000D15318BF9CEA026F00F03B804FF0004C4A
:108F00004CEA00204CEA012121FA03FC10EB0C0C86
:108F10001ED202F1FF325FEA1C2040EBC25038BF84
:108F200070471CF07F0F4FEA400C18BFBCF17F4F19
:108F300038BF7047C3F12003994008BF20F00100FB
:108F4000BCF17F4F38BF7047A0F1C04000F0C1B9FD
:108F50004FEA3C00000A40EBC25028BF1CF0FF0F54
:108F60004FEA400CE6D018BFBCF17F4F38BF7047C6
:108F7000EAE79CEA026F05D010EA5C0F08BF00F038
:108F80000040704710B500F05EF900BF64FBBE3EC4
:108F90004FF47F0C1CEAD0121EBF1CEAD11392EAD8
:108FA0000C0F93EA0C0F00F0858090EA010F48BF88
:108FB00042F4807240F4000C41F400002CF07F4138
:108FC00020F07F4000B58142A2EB03020FF2081CA3
:108FD000ACEB504EC0F100009EF800E04FEA4E0EA0
:108FE00000FB0EFC38BF49004FEA2C1C02F5FA02C8
:108FF0000CFB0EF34FEACE1E4FEA112C4FEAC121B3
:109000000EEB635E42EB22420EFB0CFC4FEA1C535C
:1090100000FB03114FEA112C4FEA01310EFB0CFC4F
:109020004FEADC4C00FB0C11C14228BF09184CEB85
:1090300003335DF804EB10EB410143EBC250B2F592
:109040007C0F38BF704729D512F0F00F1CBF00F11C
:10905000C04000F00040704700818283848586878D
:1090600088898B8C8D8E8F919293959697999A9CE7
:109070009D9FA0A2A3A5A7A8AAACAEB0B2B3B5B756
:10908000B9BCBEC0C2C5C7C9CCCED1D4D7D9DCDF2C
:10909000E2E6E9ECF0F3F7FAFE0000004FEA400CDC
:1090A0000CF1807CBCF17E4F28BF7047B0F1C0400E
:1090B00000F00FB990EA010F0CEAD11348BF42F457
:1090C0008072624538BF634507D213F47F0F16D014
:1090D00080EA010000F00040704710B500F0B3F8DE
:1090E000097EFC3E00F005B880EA010000F0004077
:1090F000704780EA010000F0004000F0EAB812F486
:109100007F0F04BF0248704780EA010000F0E1B819
:109110000000C07F10F0004148BF4042B0FA80F329
:1091200010FA03F2C3F19D030BD051EAC35101EBD6
:109130001220530638BF704700F1010008BF20F02D
:10914000010070474FF47F0C1CEAD0121EBF1CEACE
:10915000D11392EA0C0F93EA0C0F00F0478090EACB
:10916000010F48BF42F480724FF0004C4CEA0020DF
:109170004CEA012102EB0302A0FB0113A2F500025D
:10918000002918BF43F001035B0028BF4FEA3303F7
:1091900042EB22425FEA132C4CEBC2502EBFBCEBD9
:1091A000436FB2F57C0F70474FEA036CBCF1004F80
:1091B00008BF20F00100B2F57C0F38BF70470BD517
:1091C00082F0FF0212F5803FC8BF704700F1C04037
:1091D000D8BF00F00040704700F5000C5FEA4C0C6F
:1091E00048BF7047B0F1C04000F073B890EA010F7B
:1091F0000CEAD11348BF42F48072624538BF634520
:1092000004D280EA010000F00040704710B500F081
:109210001AF800BF8900013E00F007B800F009B855
:109220005FEA410C5FEA1C6C08D080EA010000F0A4
:1092300050B85FEA400C5FEA1C6CF6D14FF000407A
:10924000A0F5800070470EF1020E2EF0030E5EF8BE
:10925000044B244204D44FEA4102B2F17F4F11D8AB
:109260004FEA4003B3F17F4F0CD80ED14FEAD07CC8
:10927000B2F17F4F0CEB4C0C0CF1020C08BF4CEB25
:10928000D17C04E04FF0080C01E04FEAD17C0CEBFC
:109290004C0324FA03F404F00704B4F1040C06D2DE
:1092A0000EEB840CBDE810404CF0010C6047DFE889
:1092B0000CF0070802024FF00040A0F5800010BD3E
:1092C0000846420018BFD2F1807288BF00F000400B
:1092D00010BDFF2141EAD050C005704790EA010F50
:1092E00048BF81F000413FF5F8AD421A04D882F042
:1092F0000042A0EB020011444FEAD0524FF07F4CE5
:109300001CEA410FA2EBD15318BF9CEA026F4AD06E
:109310004FF0004C4CEA00204CEA012121FA03FCFA
:10932000B0EB0C0C0FD412F0FE0F36D05FEA4C00FD
:109330001DD5001240EBC25038BF70471CF03F0FE4
:1093400018BF70470BE0A2F101025FEA1C2040EB5E
:10935000C25038BF70471CF07F0F18BF7047C3F171
:109360002003994014BF401E20F001007047800880
:109370004FEA122308BF7047B0FA80FCA2EB0C0240
:10938000CCF1280C60FA0CF093EA122F04BF00EB2A
:10939000C25070474FEAC3707047130A5FEADC108F
:1093A00008BF7047F6E79CEA026F04D010EA5C0F32
:1093B00008BF0020704710B5FFF745FF40DFF63EBD
:1093C00081F000407047F7F750B90000000000003E
:1093D0000000010203040607080900000000010262
:1093E0000304000000000000000000000000000076
:1093F00000003F400000000000000000300040007E
:1094000030004000000009000BC03D000BC03D00D3
:10941000090018C024407FE022403180000018007D
:1094200024C01B000D803240018003801C40274077
:109430001C80074000401000600000000000000099
:1094400000000000000000001F80204040200000BD
:10945000402020401F8000000000090006001F80FF
:10946000060009000000040004003F80040004001E
:109470000000001000600000000000000000040078
:10948000040004000400040000000000004000008C
:10949000000000000000002001C00600380040006D
:1094A00000001F802040204020401F80000000005E
:1094B00010403FC000400000000018C02140224082
:1094C00024401840000010802040244024401B808D
:1094D000000002000D0011003FC0014000003C8070
:1094E000244024402440238000001F802440244046
:1094F0003440038000003000200027C038002000E6
:1095000000001B802440244024401B8000001C00DD
:1095100022C0224022401F800000000000000840BE
:1095200000000000000000000000046000000000D7
:109530000000000004000A001100208040400900E3
:1095400009000900090009000000000040402080D7
:1095500011000A0004001800200023402400180015
:1095600000001F802040274029401F40000000408D
:1095700007C039000F0001C0004020403FC0244018
:1095800024401B8000001F8020402040204030806D
:10959000000020403FC0204020401F8000002040AD
:1095A0003FC024402E4030C0000020403FC0244037
:1095B0002E00300000000F00108020402240338039
:1095C000020020403FC0040004003FC02040204073
:1095D00020403FC02040204000000060202020208C
:1095E0003FC02000200020403FC024400B0030C07E
:1095F000204020403FC020400040004000C03FC00D
:109600003C0003C03C003FC0000020403FC00C4075
:1096100023003FC020001F802040204020401F80AA
:10962000000020403FC024402400180000001F809C
:109630002140214020E01FA0000020403FC02440E6
:10964000260019C0004018C0244024402240318028
:109650000000300020403FC02040300000002000CB
:109660003F80004000403F80200020003E0001C0BD
:10967000070038002000380007C03C0007C0380051
:109680000000204039C0060039C020400000200002
:10969000384007C0384020000000304021C026403C
:1096A000384020C00000000000007FE04020402043
:1096B0000000000070000C0003800040000000006B
:1096C000402040207FE0000000000000200040001B
:1096D000200000000000001000100010001000101A
:1096E000001000000000400000000000000000002A
:1096F00002800540054003C0004020003FC00440F8
:109700000440038000000000038004400440064041
:10971000000000000380044024403FC000400000DF
:1097200003800540054003400000000004401FC0C6
:10973000244024402000000002E00550055006505F
:10974000042020403FC00440040003C0004000004B
:10975000044027C00040000000000010001004106A
:1097600027E00000000020403FC00140070004C087
:109770000440204020403FC000400040000007C09F
:10978000040007C0040003C00000044007C00440F8
:10979000040003C000400000038004400440038034
:1097A0000000041007F00450044003800000000093
:1097B00003800440045007F00010044007C002403A
:1097C000040004000000000006400540054004C0FD
:1097D0000000000004001F8004400040000004005E
:1097E00007800040044007C000400400070004C098
:1097F000018006000400060001C0070001C0060049
:109800000000044006C0010006C00440000004102F
:10981000071004E00180060004000000044005C0B9
:109820000640044000000000000004007BE04020EF
:109830000000000000000000FFF000000000000039
:1098400040207BE004000000000040008000400059
:109850002000200040000000000000000000000088
:109860000000000000000000000000001FCC000C01
:109870000000000000000000080030006000080048
:10988000300060000000022003FC1E20022003FCC8
:109890001E200220000000000E1811043FFF10845B
:1098A0000C78000000000F0010840F3800C007780B
:1098B00018840078000000780F8410C411240E98DA
:1098C00000E4008400080800680070000000000048
:1098D00000000000000000000000000007E0181871
:1098E000200440020000000040022004181807E095
:1098F0000000000000000240024001800FF00180E3
:109900000240024000000080008000800FF80080CC
:109910000080008000000001000D000E000000002B
:109920000000000000000000008000800080008037
:109930000080008000800000000C000C000000008F
:109940000000000000000000000600180060018018
:10995000060018002000000007F00808100410049A
:10996000080807F000000000080408041FFC0004B9
:1099700000040000000000000E0C1014102410441D
:1099800011840E0C000000000C18100411041104C6
:1099900012880C700000000000E00320042408245A
:1099A0001FFC0024000000001F9810841104110403
:1099B000108810700000000007F0088811041104DE
:1099C00018880070000000001C00100010FC13003C
:1099D0001C001000000000000E3811441084108498
:1099E00011440E38000000000700088C1044104499
:1099F000088807F00000000000000000030C030CC2
:109A0000000000000000000000000001010600004E
:109A1000000000000000000000800140022004104F
:109A20000808100400000220022002200220022068
:109A30000220022000000000100408080410022088
:109A400001400080000000000E001200100C106C9D
:109A500010800F00000003E00C1813E4142417C456
:109A6000082807D000000004003C03C41C40074045
:109A700000E4001C000410041FFC11041104110474
:109A80000E880070000003E00C181004100410048D
:109A900010081C10000010041FFC10041004100417
:109AA000080807F0000010041FFC1104110417C47B
:109AB00010040818000010041FFC1104110017C046
:109AC00010000800000003E00C18100410041044FB
:109AD0001C780040000010041FFC108400800080EF
:109AE00010841FFC10040000100410041FFC10045C
:109AF00010040000000000030001100110011FFE0F
:109B000010001000000010041FFC110403801464F6
:109B1000181C1004000010041FFC100400040004B2
:109B20000004000C000010041FFC1F0000FC1F00BC
:109B30001FFC1004000010041FFC0C04030000E0D4
:109B400010181FFC100007F008081004100410047F
:109B5000080807F0000010041FFC1084108010801B
:109B600010800F00000007F0081810241024101CAB
:109B7000080A07F2000010041FFC1104110011C0B4
:109B800011300E0C000400000E1C1104108410840F
:109B900010441C3800001800100010041FFC1004B2
:109BA00010001800000010001FF81004000400044A
:109BB00010041FF8100010001E0011E0001C0070BF
:109BC00013801C0010001FC0103C00E01F0000E0CC
:109BD000103C1FC000001004180C163401C001C056
:109BE0001634180C100410001C00130400FC13049D
:109BF0001C00100000000804101C106410841304E2
:109C00001C04101800000000000000007FFE40024D
:109C1000400240020000000030000C0003800060A1
:109C2000001C0003000000004002400240027FFED2
:109C30000000000000000000000020004000400084
:109C400040002000000000010001000100010001AF
:109C50000001000100010000400040002000000061
:109C600000000000000000000098012401440144AD
:109C7000014400FC000410001FFC008801040104E2
:109C800000880070000000000070008801040104DA
:109C90000104008800000000007000880104010435
:109CA00011081FFC0004000000F8014401440144B5
:109CB000014400C800000000010401040FFC11046D
:109CC000110411001800000000D601290129012902
:109CD00001C90106000010041FFC008401000100FE
:109CE000010400FC000400000104190419FC000434
:109CF0000004000000000000000300010101190140
:109D000019FE0000000010041FFC0024004001B4F4
:109D1000010C010400000000100410041FFC0004EA
:109D2000000400000000010401FC0104010001FC2A
:109D30000104010000FC010401FC00840100010099
:109D4000010400FC0004000000F801040104010407
:109D5000010400F80000010101FF00850104010475
:109D600000880070000000000070008801040104F9
:109D7000010501FF00010104010401FC008401044C
:109D8000010001800000000000CC01240124012416
:109D900001240198000000000100010007F80104FF
:109DA000010400000000010001F8000400040004A8
:109DB000010801FC0004010001800170000C00108A
:109DC00001600180010001F0010C003001C0003091
:109DD000010C01F0010000000104018C007401700D
:109DE000018C01040000010101810171000E0018C5
:109DF00001600180010000000184010C0134014474
:109E00000184010C000000000000000000000100BF
:109E10003EFC400240020000000000000000FFFF86
:109E20000000000000000000400240023EFC010073
:109E30000000000000000000600080008000400082
:109E40004000200020000000000000000000000092
:109E50000000000000000000000000000000000002
:109E600000000000000000000000000000000000F2
:109E70000000000000000000000F80380FFE380FC7
:109E8000803800000000000000000000000000001A
:109E9000000000000100000600000C000038000077
:109EA0003100000600000C00003800003000000007
:109EB00000000000000061800067F807F980006181
:109EC000800061800061800061800067F807F98090
:109ED00000618000000000000000000001C0E003FD
:109EE000E0F00630080418081FFFFE040E0807877C
:109EF000F00381E000000000000001F000060C000B
:109F0000040408060C7001F9C0000E00003BE000DC
:109F1000EC18070808040C180003E000000000011A
:109F2000E00007F003F818041C0804170807E1D044
:109F300003C0E00023B0003C08002008000010002F
:109F400000000000000100003100003200001C0091
:109F50000000000000000000000000000000000001
:109F600000000000000000000000000000000000F1
:109F70000000000000007F0001FFC00780F00C001F
:109F80001810000420000200000000000020000261
:109F90001000040C00180780F001FFC0007F0000D3
:109FA00000000000000000000000000000000000B1
:109FB00000004200006600006600003C000018003F
:109FC00003FFC0001800003C0000660000660000AF
:109FD000420000000000080000080000080000081F
:109FE0000000080001FFC000080000080000080091
:109FF000000800000800000000000001000031001F
:10A00000003200001C000000000000000000000002
:10A010000000000000000000000000000000080038
:10A020000008000008000008000008000008000008
:10A030000800000800000800000800000000000000
:10A040000000000000003800003800003800000068
:10A050000000000000000000000000000000000000
:10A06000000000000000000600001C00007000015D
:10A0700080000E0000380000C0000700001C000037
:10A08000300000000000000000007F8001FFE003BE
:10A0900080700600180400080400080600180380F9
:10A0A0007001FFE0007F8000000000000000000061
:10A0B00001000801000801000803FFF807FFF8008D
:10A0C0000008000008000008000000000000000078
:10A0D0000001C03802C05804009804011804021896
:10A0E000040418061C1803F81801E0F8000000002A
:10A0F000000000000001C0E003C0F00400080408F4
:10A100000804080806180803F41801E7F00001E045
:10A11000000000000000000000000300000D00002F
:10A12000110000610000810803010807FFF80FFF1C
:10A13000F80001080001080000000000000000E035
:10A1400007FCD006080806100806100806100806C6
:10A150001838060FF00607C00000000000000000DD
:10A1600000003F8001FFE00384300208180410085B
:10A17000041008041008071810030FF00007C000AF
:10A18000000000000000000003C0000700000600FF
:10A19000000600F80607F806180006E000070000B1
:10A1A00006000000000000000001E1E003F7F006F7
:10A1B0003410041808041808040C08040C080616C7
:10A1C0001803F3F001C1E000000000000000F800F7
:10A1D00003FC3003063804020804020804020804E1
:10A1E00004100308F001FFC0007F00000000000021
:10A1F00000000000000000000000000000007038B7
:10A2000000703800703800000000000000000000FE
:10A21000000000000000000000000000000000003E
:10A220000000301A00301C00000000000000000098
:10A230000000000000000000000000000008000016
:10A240001400002200004100008080010040020054
:10A250002004001008000800000000000000210099
:10A260000021000021000021000021000021000049
:10A27000210000210000210000210000000000005A
:10A280000000000008000804001002002001004047
:10A29000008080004100002200001400000800003F
:10A2A000000000000003C00004C00004000008001B
:10A2B00038080F380808380810000C300007E00094
:10A2C00003C000000000000000003F8000FFE0032A
:10A2D0008070020F1006708804C088048308047F11
:10A2E0008802C09003012000FE4000000800001812
:10A2F0000001F8003E0801C20007020007E200006A
:10A30000FE00001FC80001F800003800000804002B
:10A310000807FFF807FFF8040808040808040808FD
:10A3200004080806180803F41801E7F00001E0002B
:10A330000000000000003F8001FFE0038070020089
:10A340001804000804000804000804001006002097
:10A350000780C000000004000807FFF807FFF804AA
:10A36000000804000804000804001802001003801C
:10A370007001FFE0007F8000000004000807FFF884
:10A3800007FFF8040808040808040808040808047B
:10A390003E080400080600180100600000000400E8
:10A3A0000807FFF807FFF80408080408000408007D
:10A3B000040800043E0006000006000001800000C2
:10A3C0000000000000003F8001FFE00380700600F5
:10A3D000180400080402080402080203F00783F0CE
:10A3E00000020000020004000807FFF807FFF8045D
:10A3F0000808000800000800000800000800040821
:10A400000807FFF807FFF80400080000000000003C
:10A4100004000804000804000807FFF807FFF80418
:10A42000000804000804000800000000000000000C
:10A430000000000600000700000104000104000104
:10A4400004000307FFFE07FFFC04000004000004F3
:10A45000000004000807FFF807FFF8040C080018C4
:10A4600000003E0004C7800503C80600F804003859
:10A4700004001800000804000807FFF807FFF804AC
:10A4800000080000080000080000080000080000A4
:10A490000800001800006000000004000807FFF832
:10A4A00007800807FC00007FC00003F80007C00019
:10A4B000780007800807FFF807FFF8040008040089
:10A4C0000807FFF807000803C00000E0000038009C
:10A4D000001E000007000001C00400F007FFF804A0
:10A4E0000000000000007F8001FFE0038070060094
:10A4F0001804000804000806001803003001FFE0FB
:10A50000007F8000000004000807FFF807FFF80440
:10A510000408040400040400040400040400060CFD
:10A520000003F80001F000000000000000007F8040
:10A5300001FFE00380700600880400880400C8065C
:10A54000003C03003E01FFE6007F840000000400A1
:10A550000807FFF807FFF8040808040800040C00C7
:10A56000040F00040BC00610F003F03801E00800EF
:10A57000000800000001E0F803F030063010041875
:10A5800008041808040C08040C080206180207F056
:10A590000781E000000001800006000004000004C4
:10A5A000000004000807FFF807FFF8040008040093
:10A5B0000004000006000001800004000007FFE026
:10A5C00007FFF00400180000080000080000080061
:10A5D000000800000804001007FFE0040000040069
:10A5E0000006000007E00007FE00041FE00001F87D
:10A5F0000000380001E0043E0007C000060000042F
:10A60000000004000007E00007FFC0041FF8000777
:10A61000C007F80007FF80043FF80007C004F800F7
:10A6200007000004000000000004000806001807EE
:10A63000C07805F1C8003E00001F800463E8078071
:10A64000F8060018040008000000040000060000DE
:10A6500007800007E008047C08001FF80007F800E6
:10A66000180804E0080700000600000400000000CD
:10A67000000100080600380400F80403E8040F088D
:10A68000047C0805F00807C00807001804006000F3
:10A6900000000000000000000000000000000000BA
:10A6A000003FFFFE200002200002200002200002E6
:10A6B0002000020000000000000000000800000769
:10A6C000000000C0000038000006000001C00000CB
:10A6D0003000000E0000010000000000000000003B
:10A6E0002000022000022000022000022000023F81
:10A6F000FFFE00000000000000000000000000005D
:10A700000000000000000008000010000030000001
:10A7100020000030000010000008000000000000D1
:10A720000000000001000001000001000001000025
:10A730000100000100000100000100000100000113
:10A7400000000100000100000000000000000020E7
:10A7500000002000001000001000000000000000B9
:10A76000000000000000000000000000000000F0F9
:10A770000019F8001B180022080026080024080011
:10A780002410003FF8001FF8000008000018000027
:10A790000004000007FFF80FFFF000181800100871
:10A7A000002008002008003018001FF0000FC00033
:10A7B00000000000000007C0001FF000183000205B
:10A7C00008002008002008003C08001C1000006061
:10A7D0000000000000000000000007C0001FF000A3
:10A7E000381800200800200800200804101007FF77
:10A7F000F80FFFF000001000000000000000000053
:10A800000007C0001FF000123000221800220800CC
:10A810002208003208001E10000E20000000000078
:10A820000000200000200800200801FFF803FFF8C6
:10A830000620080420080420080720000300000068
:10A84000000000000000000E000E6E001FF300313B
:10A85000B10020B10020B1003191001F13002E1E65
:10A8600000200E00300000000004000807FFF80F71
:10A87000FFF8001008002000002000002008003F22
:10A88000F8001FF8000008000000000000000000B1
:10A89000002008002008002008063FF8063FF800C6
:10A8A0000008000008000008000000000000000090
:10A8B0000000000000000300000300200100200150
:10A8C000002003063FFE063FFC00000000000000E1
:10A8D000000000000004000807FFF80FFFF8000167
:10A8E00088000300002FC00038F80020380020083E
:10A8F0000000080000000000000000000400080440
:10A90000000804000807FFF80FFFF8000008000027
:10A9100008000008000000000000002008003FF8C8
:10A92000003FF8001008002000003FF8003FF8004A
:10A930001008002000003FF8003FF8000008000069
:10A9400000002008003FF8003FF800100800100049
:10A95000002000002008003FF8001FF80000080059
:10A9600000000000000007C0000FF00018300030A9
:10A9700008002008002008003008001830000FF000
:10A980000007C0000000000000002001003FFF00A1
:10A990003FFF0010110020090020080020080030AF
:10A9A00038001FF0000FC00000000000000007C0CA
:10A9B000001FF000381800200800200800200900BF
:10A9C0001011001FFF003FFF0000010000000020E9
:10A9D00008002008002008003FF8003FF8000808A1
:10A9E00000100800200800200000300000300000A7
:10A9F0000000000000000000000C78001E1800336A
:10AA0000080023080021080021880021980030F068
:10AA1000003860000000000000002000002000005E
:10AA2000200000FFF003FFF80020080020080020AD
:10AA300008000030000000000000000000002000BE
:10AA4000003FF0007FF80000180000080000080038
:10AA50002010003FF8007FF0000010000000000010
:10AA600000002000003000003C00003F800023F088
:10AA7000000078000070002380003C0000300000DF
:10AA80002000002000003C00003FE00023F8000010
:10AA9000E0002700003E00003FE00021F80001E058
:10AAA000003E0000200000000000200800200800F8
:10AAB0003838003E680027800003C8002CF80038B2
:10AAC00038002018002008000000000000002000CE
:10AAD000003003003C01003F830023EC00007000C5
:10AAE0002380003C00002000002000000000000047
:10AAF000000000000038080020380020F80023E89B
:10AB0000002F88003E080038080020180000700060
:10AB10000000000000000000000000000000000035
:10AB2000000008000014001FF7FC3000062000029F
:10AB30000000000000000000000000000000000015
:10AB40000000000000000000FFFFFF000000000008
:10AB500000000000000000000000000000000000F5
:10AB60002000023000061FF7FC001400000800005F
:10AB700000000000000000000000000000000000D5
:10AB800000180000600000400000400000200000AD
:10AB90001000000800000400000400000C00001079
:10ABA00000000000000000000000000000000000A5
:10ABB0000000000000000000000000000000000095
:10ABC0000000000000000000000000000000000085
:10ABD0000000000000000000000000000000000075
:10ABE0000000000000000000000000000000000065
:10ABF0000000000000000000000007F000C007FF98
:10AC0000E1E007F001E0000000C0000000000000EB
:10AC10000000000000000000000000000000000034
:10AC2000000000000000000000000020000001C043
:10AC30000000078000001F0000001E0000001C2014
:10AC4000000001C00000078000001F0000001E007F
:10AC500000001C00000000000000000000000000D8
:10AC600000000000000000180C0000180C00001884
:10AC70000FE0001FFC0003F80C0000180C00001887
:10AC80000C0000180C0000180C0000180FE0001F4A
:10AC9000FC0003F80C0000180C0000180C00000069
:10ACA00000000000000000000000000007800078A5
:10ACB00007C000FC0640010E00200307002002032D
:10ACC00080200FFFFFFC0201C0200200E060013085
:10ACD000704001F03F8000F01F0000000000000005
:10ACE000000000FE000001FF0000030180000200E0
:10ACF0008060030181C001FF070000FE1800000012
:10AD0000E0000003BF00000CFFC00071806001C1C3
:10AD10000020030180600000FFC000003F00000031
:10AD2000000000001F0000007FC000FCC0C001FF49
:10AD300080600303E0200202782002061E2003FC4C
:10AD4000074001F00380000103C000011C60000106
:10AD5000E020000100200001004000000180000010
:10AD6000000000000000002000001C6000001C40EB
:10AD700000001F8000000F00000000000000000025
:10AD800000000000000000000000000000000000C3
:10AD900000000000000000000000000000000000B3
:10ADA00000000000000000000000000000000000A3
:10ADB000000000000000000000000000000000078C
:10ADC000F800003FFF00007807C001C000E003006A
:10ADD0000030040000080800000410000002000019
:10ADE0000000000000001000000208000004040041
:10ADF00000080300003001C000E0007807C0003FF9
:10AE0000FF000007F8000000000000000000000044
:10AE10000000000000000000000000000000000032
:10AE200000000000000000000000000C1800000EF0
:10AE30003800000E3800000630000003600000619A
:10AE4000438000FFFF8000614300000360000006B4
:10AE50003000000E3800000E3800000C1800000012
:10AE60000000000000000000000000008000000062
:10AE700080000000800000008000000080000000D2
:10AE80008000007FFF0000008000000080000000C4
:10AE900080000000800000008000000080000000B2
:10AEA00000000000000000000001000000E30000BE
:10AEB00000E2000000FC000000780000000000003C
:10AEC0000000000000000000000000000000000082
:10AED0000000000000000000000000000000000072
:10AEE0000000000000000000800000008000000062
:10AEF0008000000080000000800000008000000052
:10AF00008000000080000000800000008000000041
:10AF10008000000080000000800000008000000031
:10AF200000000000000000000000000000C0000061
:10AF300001E0000001E0000000C00000000000008F
:10AF40000000000000000000000000000000000001
:10AF500000000000000000000000000000000000F1
:10AF60000000000000000000000C0000003800009D
:10AF700000E00000038000000E0000003800000028
:10AF8000E00000038000000E00000038000000E038
:10AF90000000038000000E00000018000000000008
:10AFA00000000000000000000000000FF800007F1B
:10AFB000FF0000F00780018000C003000060020075
:10AFC0000020020000200200002003000060018039
:10AFD00000C000E00380007FFF00000FF8000000C9
:10AFE00000000000000000000000000000000080E1
:10AFF000002000800020008000200080006001FF11
:10B00000FFE003FFFFE00000006000000020000000
:10B0100000200000002000000000000000000000F0
:10B0200000000000000000000000007800E0009830
:10B03000016001000260020004600200086002007A
:10B040001060020020600200406003008060018305
:10B05000006001FE00E0007C0780000000000000AE
:10B060000000000000000000000000F0078001F078
:10B0700007C0010000400200002002010020020180
:10B08000002002010020030380200186804001FC93
:10B09000C0C000787F8000001E000000000000009B
:10B0A0000000000000000000080000003800000060
:10B0B00048000001880000060800000C081000305D
:10B0C00008100040081001FFFFF003FFFFF003FF2E
:10B0D000FFF0000008100000081000000810000039
:10B0E0000000000000000000000000000780001FBA
:10B0F000864003E100200302002003040020030433
:10B100000020030400200304002003060040030382
:10B1100001C00301FF8003007E000000000000006A
:10B12000000000000000000000000007FC00003FDD
:10B13000FF000070C380008180C001010060030235
:10B14000002002020020020200200202002002036E
:10B15000004001C180C000C0FF8000007E000000F0
:10B160000000000000000000000000F0000003C02C
:10B1700000000380000003000000030007E003005C
:10B180003FE00301C0000306000003180000036055
:10B190000000038000000300000000000000000029
:10B1A00000000000000000001F0000783F8000FC4D
:10B1B00060C0018EC040030780200203002002010E
:10B1C0008020020180200201C0200301E0400186AE
:10B1D00070C000FC3F8000781F00000000000000ED
:10B1E000000000000000003F000000FF81C001C01F
:10B1F000C1C00100602002002020020020200200C7
:10B20000202002002060020040C00100C18000C177
:10B210008F00007FFE00001FF00000000000000013
:10B22000000000000000000000000000000000001E
:10B2300000000000000000000000000300C0000744
:10B2400081E0000781E0000300C000000000000072
:10B2500000000000000000000000000000000000EE
:10B2600000000000000000000000000000000000DE
:10B27000000000000000000000000006006600065C
:10B280000078000000000000000000000000000046
:10B2900000000000000000000000000000000000AE
:10B2A000000000000000000000000000800000011D
:10B2B000C0000003600000063000000C18000018F9
:10B2C0000C00003006000060030000C00180010097
:10B2D00000400200002004000010000000000000F8
:10B2E0000000000000000004100000041000000432
:10B2F00010000004100000041000000410000004FE
:10B3000010000004100000041000000410000004ED
:10B3100010000004100000041000000410000000E1
:10B320000000000000000000000004000010020007
:10B3300000200100004000C00180006003000030D8
:10B34000060000180C00000C180000063000000376
:10B3500060000001C000000080000000000000004C
:10B36000000000000000000000000078000001F86C
:10B3700000000238000002000000040000C00400C9
:10B3800079E0040081E0040100C00403000002022F
:10B3900000000306000001FC000000F800000000AF
:10B3A000000000000000000FF800003FFE000070E9
:10B3B000078000C000C00101F8400307FC20021E06
:10B3C00004200230082002203020023FFC20013FF0
:10B3D000044001800CC000E03180001FC20000006A
:10B3E00000000000002000000060000003E00000FA
:10B3F0003E200003E020003E200003E02000038008
:10B40000200007FC2000003FE0000003FE200000B9
:10B410003FE0000001E000000020000000200000EC
:10B42000000000000000020000200200002003FFD6
:10B43000FFE003FFFFE00201002002010020020103
:10B4400000200201002002010020030300200186E9
:10B45000806001FCC0C000F87F8000001F00000079
:10B460000000000000000007F800003FFF0000702F
:10B47000078000C000C0010000400300002002005F
:10B480000020020000200200002002000020010035
:10B490000040018000C003C00180003006000000B1
:10B4A000000000000000020000200200002003FF56
:10B4B000FFE003FFFFE00200002002000020020086
:10B4C0000020020000200300006001000040018015
:10B4D00000C000F00780007FFE00000FF8000000B1
:10B4E000000000000000020000200200002003FF16
:10B4F000FFE003FFFFE00201002002010020020143
:10B500000020020100200201002002038020020F1F
:10B51000E0200300006003C000E0006003000000C2
:10B52000000000000000020000200200002003FFD5
:10B53000FFE003FFFFE00201002002010020020102
:10B5400000000201000002010000020100000203ED
:10B550008000030FE0000300000003C00000006053
:10B560000000000000000007F800003FFE0000702F
:10B57000078001C001C0010000400300002002005C
:10B580000020020000200200002001002020010015
:10B59000204003C03F8000303F80000020000000BA
:10B5A0002000020000200200002003FFFFE003FF54
:10B5B000FFE00200802002008020000080000000E8
:10B5C000800000008000020080200200802003FF35
:10B5D000FFE003FFFFE00200002002000020000067
:10B5E0000000000000000000000000000000020059
:10B5F000002002000020020000200200002003FFC3
:10B60000FFE003FFFFE00200002002000020020034
:10B6100000200200002000000000000000000000E8
:10B620000000000000000000000E0000000F0000FD
:10B63000000F0000000102000001020000010200F2
:10B6400000030200000603FFFFFC03FFFFF80200F7
:10B6500000000200000002000000020000000000E4
:10B66000000000000000020000200200002003FF94
:10B67000FFE003FFFFE00200C020020100200007FE
:10B680008000000FE0000030F80002603E200380E0
:10B690000F20030003E0020000E002000020000091
:10B6A000002000000000020000200200002003FF34
:10B6B000FFE003FFFFE00200002002000020000086
:10B6C00000200000002000000020000000200000FA
:10B6D000002000000060000000E000000300000007
:10B6E0000000020000200200002003FFFFE003E052
:10B6F000002003FF0020001FF0000001FF80000079
:10B700000FE000001E000003E000003E002003E008
:10B71000002003FFFFE003FFFFE002000020020023
:10B720000020020000200200002003FFFFE0038051
:10B73000002003F0002000FC0000001F00000007B4
:10B74000C0000001F00000007C0002001F80020029
:10B7500007E003FFFFE0020000000200000000001D
:10B76000000000000000000FF800003FFE0000F0A5
:10B770000780018000C0010000400200002002009C
:10B780000020020000200200002001000040018093
:10B7900000C000F00380003FFE00000FF800000032
:10B7A000000000000000020000200200002003FF53
:10B7B000FFE003FFFFE00200802002008020020083
:10B7C000800002008000020080000200800003016F
:10B7D00080000183000000FE0000007C00000000EB
:10B7E000000000000000000FF800007FFF0000F0E4
:10B7F0000380018001C00100064002000420020015
:10B80000042002000620020003E0010000F801808D
:10B81000005C00E0038C003FFF0C000FFC180000F0
:10B82000000000000000020000200200002003FFD2
:10B83000FFE003FFFFE002010020020100200201FF
:10B8400080000201E0000201FC0003033F8001864A
:10B8500007E001FC00E000F80020000000200000EC
:10B86000000000000000000000000078060000FE5C
:10B8700001E0018600C00303004002030020020132
:10B880008020020180200201C0200200C0200100AF
:10B89000E060018070C003E03F8000001F000000F6
:10B8A00000000000000000600000038000000300B2
:10B8B000000002000000020000200200002003FF40
:10B8C000FFE003FFFFE00200002002000020020072
:10B8D0000000020000000380000000E00000000003
:10B8E0000000020000000200000003FFFF0003FF51
:10B8F000FFC00200004002000060000000200000C5
:10B900000020000000200000002002000040020093
:10B91000008003FFFF0002000000020000000000A2
:10B92000000000000000020000000200000003C050
:10B93000000003FC0000023FC0000003F80000000C
:10B940007F80000007E0000007800000780002030D
:10B95000C000023C000003C0000002000000020022
:10B9600000000200000003C0000003FF8000023F4F
:10B97000FE0002007FE000000F000200F00003EF75
:10B98000000003FF8000020FFE0000003FE0000007
:10B990001F000207E00003F800000300000002009F
:10B9A00000000000000002000020020000200380D0
:10B9B00000E003F0032002FC0C20021F300000070F
:10B9C000C0000007F00002187C0002601F20038006
:10B9D00003E0020000E00200002000000020000060
:10B9E000000000000000020000000300000003C08F
:10B9F000000003F80000023E0020020FC0200001FA
:10BA0000FFE000007FE000038020021C00200270A5
:10BA1000000003800000020000000200000000009F
:10BA200000000000000000000020006000E0038033
:10BA300003E003000FA002003E200200F8200203F2
:10BA4000E020020F8020023E00200278002003E068
:10BA50000060038000E0020003000000000000001E
:10BA600000000000000000000000000000000000D6
:10BA7000000000000000000000001FFFFFFC10009D
:10BA80000004100000041000000410000004100066
:10BA9000000410000004100000040000000000007A
:10BAA000000000000000000000000000000007008F
:10BAB000000003C0000000780000001E000000032A
:10BAC000C0000000F00000001E0000000780000021
:10BAD00000F00000003C0000000600000000000034
:10BAE0000000000000000000000010000004100032
:10BAF00000041000000410000004100000041000F6
:10BB00000004100000041FFFFFFC00000000000004
:10BB10000000000000000000000000000000000025
:10BB20000000000000000000000000000000000015
:10BB300000000200000004000000080000001800DF
:10BB400000001000000018000000180000000400B1
:10BB500000000200000000000000000000000000E3
:10BB600000000000000100000001000000010000D2
:10BB700000010000000100000001000000010000C1
:10BB800000010000000100000001000000010000B1
:10BB900000010000000100000001000000010000A1
:10BBA0000001000000000000000000000000100084
:10BBB0000000100000001000000018000000080045
:10BBC0000000040000000000000000000000000071
:10BBD0000000000000000000000000000000000065
:10BBE0000000000000000000038000018FC000037F
:10BBF0008C600006182000041020000410200004AF
:10BC0000202000042040000620400003FFC0000167
:10BC1000FFE00000002000000020000000C0000045
:10BC2000000000000000020000000200000003FF0E
:10BC3000FFE007FFFFC0000180C0000200600002BB
:10BC40000020000400200004002000040020000662
:10BC50000040000300C00001FF800000FE00000063
:10BC60000000000000000000000000007E00000155
:10BC7000FF80000381C00002004000060020000495
:10BC80000020000400200004002000060020000323
:10BC9000C0400001C0800000030000000000000060
:10BCA0000000000000000000000000007E00000115
:10BCB000FF80000380C00006006000040020000434
:10BCC000002000040020020400400202008003FF64
:10BCD000FFE007FFFFC00000004000000040000040
:10BCE0000000000000000000000000007E000001D5
:10BCF000FF80000311C00002104000041060000427
:10BD00001020000410200004102000061020000362
:10BD100010400001F0C000007100000000000000B1
:10BD2000000000000000000000000004000000040B
:10BD300000200004002000040020007FFFE001FF3D
:10BD4000FFE001040020030400200204002002049C
:10BD50000020020400000200000001C0000001C039
:10BD6000000000000000000000000000001C0000B7
:10BD7000E33E0003FFC200020CC3000404C1000440
:10BD800004C1000404C1000404C100060CC1000386
:10BD9000F8C30005F0620006007E0006003C0000CB
:10BDA000000000000000020000200200002003FF4D
:10BDB000FFE007FFFFE00001002000020020000676
:10BDC0000000000400000004000000040020000641
:10BDD00000200003FFE00001FFE000000020000061
:10BDE000002000000000000000000000000000042F
:10BDF000002000040020000400200004002003872D
:10BE0000FFE0038FFFE0038000200000002000001F
:10BE100000200000002000000000000000000000E2
:10BE20000000000000000000000000000000000012
:10BE300000060000000700000001000000010004EF
:10BE40000001000400010004000300040006038751
:10BE5000FFFC038FFFF803800000000000000000DB
:10BE6000000000000000020000200200002003FF8C
:10BE7000FFE007FFFFE000000820000010200000A6
:10BE800030000000FC0000058E00000707A000063F
:10BE900001E0000400E00004002000000020000099
:10BEA0000000000000000000000000000000020090
:10BEB000002002000020020000200200002003FFFA
:10BEC000FFE007FFFFE0000000200000002000006E
:10BED0000020000000200000000000000000000022
:10BEE000000000000000000400200007FFE0000F39
:10BEF000FFE0000200200004000000040020000712
:10BF0000FFE00003FFE00002002000040000000446
:10BF100000200007FFE00003FFE000000020000019
:10BF200000000000000000040020000400200007C2
:10BF3000FFE0000FFFE000010020000200200002EF
:10BF400000000004000000040000000400200006BF
:10BF500000200003FFE00001FFE0000000200000DF
:10BF60000020000000000000000000007E00000033
:10BF7000FF80000381C00002004000060020000492
:10BF80000020000400200004002000060020000221
:10BF90000040000381C00001FF8000007E0000001F
:10BFA0000000000000000004000100040001000780
:10BFB000FFFF000FFFFF000100C10002004100046D
:10BFC00000200004002000040020000400200006DF
:10BFD0000040000301C00001FF8000007E0000005F
:10BFE0000000000000000000000000007E000001D2
:10BFF000FF80000380C000020060000400200004F5
:10C000000020000400200004002000020041000382
:10C0100000C10003FFFF0007FFFF00000001000058
:10C0200000010000000000040020000400200004C3
:10C03000002000040020000FFFE0000FFFE00000E0
:10C04000C0200001002000020020000600200004A3
:10C0500000000004000000070000000300000000D2
:10C0600000000000000000000000000003E00001EC
:10C07000C0E00003E040000630200004302000044F
:10C080001820000418200004182000040C200002CE
:10C090000C60000307C00007838000000000000060
:10C0A0000000000000000000000000040000000488
:10C0B000000000040000000C0000001FFF8000FFD3
:10C0C000FFC0000400600004002000040020000401
:10C0D000002000040040000001800000000000007B
:10C0E0000000000000000004000000040000000741
:10C0F000FF80000FFFC00000006000000020000073
:10C100000020000000200000002000040040000487
:10C1100000800007FFE0000FFFC0000000400000AB
:10C1200000400000000000040000000400000007C0
:10C1300080000007F0000004FE0000041FC00000A3
:10C1400003E00000038000001C0000046000000702
:10C150008000000600000004000000000000000055
:10C16000000000040000000600000007C0000007F7
:10C17000FC0000043F80000003E000040F80000684
:10C18000F0000007F0000007FF8000040FE000004F
:10C19000038000043C000007C0000006000000040B
:10C1A0000000000000000000002000040020000447
:10C1B0000060000700E0000783200007E60000049D
:10C1C000F80000003C0000045E20000587A0000687
:10C1D00001E00004006000040020000000200000D6
:10C1E000000000000000000400000004000300073D
:10C1F00000030007E0010004F80100041F02000032
:10C2000007FC000000E00000070000043800000701
:10C21000C000000600000004000000040000000050
:10C220000000000000000000000000078060000621
:10C2300000E0000403E0000407A000040E20000456
:10C240003C20000470200005E0200007802000074B
:10C250000060000400E00000038000000000000017
:10C2600000000000000000000000000000000000CE
:10C2700000000000000000000000000000000000BE
:10C280008000000080000001400007FE3FF8080029
:10C290000004100000021000000200000000000076
:10C2A000000000000000000000000000000000008E
:10C2B000000000000000000000000000000000007E
:10C2C0000000FFFFFFFF0000000000000000000072
:10C2D000000000000000000000000000000000005E
:10C2E000000000000000000000001000000210002C
:10C2F00000020800000407FE3FF8000140000000B3
:10C30000800000008000000000000000000000002D
:10C31000000000000000000000000000000000001D
:10C320000000000000001800000030000000400085
:10C33000000040000000400000002000000030002D
:10C3400000000800000004000000020000000200DD
:10C350000000020000000C000000180000000000B7
:10C3600000003031323334353637383941424344B6
:10C37000454640305800303132333435363738395D
:10C38000616263646566403078000000024000002E
:10C39000000000A00000000005400000000000C8F0
:10C3A000000000000C4000000000409C0000000065
:10C3B000194000000020BCBE000000003440000016
:10C3C000BFC91B8E00000004B5400000504BCFD009
:10C3D0006607E2CF010000006C4100003E8251AAD6
:10C3E000DFEEA73401000000D9420000DCB5A0E276
:10C3F0003A301F97FFFFFFFFB4450000FD25A0C89E
:10C40000E9A3C14FFFFFFFFFFF3F000000000080D6
:10C4100000000000FF3F000000000080000000005E
:10C420005CC4000800000020380000006C01000817
:10C4300094C4000838000020780700008801000834
:10C440001C00000043000000F8FFFFFF0C0000008C
:10C450000E0000000F0000002E0000000024F40079
:10C4600000000000000000000000000000000000CC
:10C47000100000000100000000F80000FFFF0000B5
:10C4800000000000C12800089D280008F3270008CC
:04C4900000000000A8
:0400000508000131BD
:00000001FF
